PC1	PC2	age_group	disease	dataset_id
18.178843	-8.271985	young	normal	46104f0b-9af5-466a-ae0f-56b8dc1969a2
37.366913	14.760142	young	normal	46104f0b-9af5-466a-ae0f-56b8dc1969a2
39.973724	8.667943	young	normal	46104f0b-9af5-466a-ae0f-56b8dc1969a2
23.031569	-20.475634	young	normal	46104f0b-9af5-466a-ae0f-56b8dc1969a2
39.42137	-6.190806	young	normal	46104f0b-9af5-466a-ae0f-56b8dc1969a2
40.51674	13.101403	young	normal	46104f0b-9af5-466a-ae0f-56b8dc1969a2
22.816921	4.1021495	young	normal	46104f0b-9af5-466a-ae0f-56b8dc1969a2
40.731995	-8.456569	young	normal	46104f0b-9af5-466a-ae0f-56b8dc1969a2
23.119701	-22.78045	young	normal	420d0f5d-b7ba-4b1e-88d0-44e9f733febd
34.245415	9.96085	young	normal	420d0f5d-b7ba-4b1e-88d0-44e9f733febd
37.59038	9.280944	young	normal	420d0f5d-b7ba-4b1e-88d0-44e9f733febd
38.29686	-12.284443	young	normal	420d0f5d-b7ba-4b1e-88d0-44e9f733febd
21.66981	-15.097612	young	normal	420d0f5d-b7ba-4b1e-88d0-44e9f733febd
38.516964	17.665169	young	normal	420d0f5d-b7ba-4b1e-88d0-44e9f733febd
28.409945	-14.857078	young	normal	420d0f5d-b7ba-4b1e-88d0-44e9f733febd
43.09303	3.737414	young	normal	420d0f5d-b7ba-4b1e-88d0-44e9f733febd
42.208378	-4.523811	young	cytomegalovirus infection	5fde5c9c-5b1e-4df5-982a-3f8e7635161f
35.37694	3.9331636	young	cytomegalovirus infection	5fde5c9c-5b1e-4df5-982a-3f8e7635161f
38.95862	5.277114	young	cytomegalovirus infection	5fde5c9c-5b1e-4df5-982a-3f8e7635161f
42.141605	8.595925	young	cytomegalovirus infection	5fde5c9c-5b1e-4df5-982a-3f8e7635161f
14.12148	-16.536165	young	cytomegalovirus infection	5fde5c9c-5b1e-4df5-982a-3f8e7635161f
42.338425	-9.283077	young	cytomegalovirus infection	5fde5c9c-5b1e-4df5-982a-3f8e7635161f
22.30923	-22.310797	young	cytomegalovirus infection	5fde5c9c-5b1e-4df5-982a-3f8e7635161f
41.548862	14.453249	young	cytomegalovirus infection	5fde5c9c-5b1e-4df5-982a-3f8e7635161f
11.4608	-0.5734595	young	normal	46104f0b-9af5-466a-ae0f-56b8dc1969a2
37.04573	11.463673	young	normal	46104f0b-9af5-466a-ae0f-56b8dc1969a2
40.32367	12.705513	young	normal	46104f0b-9af5-466a-ae0f-56b8dc1969a2
37.204517	15.3933935	young	normal	46104f0b-9af5-466a-ae0f-56b8dc1969a2
29.774515	4.0382423	young	normal	46104f0b-9af5-466a-ae0f-56b8dc1969a2
12.138926	9.048781	young	normal	46104f0b-9af5-466a-ae0f-56b8dc1969a2
42.65289	-0.29916593	young	normal	46104f0b-9af5-466a-ae0f-56b8dc1969a2
39.80441	15.596347	young	normal	46104f0b-9af5-466a-ae0f-56b8dc1969a2
35.212234	-16.775452	young	cytomegalovirus infection	0a8e3443-c3e2-4918-84db-0495657d9175
33.162964	3.1909437	young	cytomegalovirus infection	0a8e3443-c3e2-4918-84db-0495657d9175
40.642242	8.275878	young	cytomegalovirus infection	0a8e3443-c3e2-4918-84db-0495657d9175
44.472054	-5.353968	young	cytomegalovirus infection	0a8e3443-c3e2-4918-84db-0495657d9175
29.64318	7.137372	young	cytomegalovirus infection	0a8e3443-c3e2-4918-84db-0495657d9175
41.302773	-0.11462967	young	cytomegalovirus infection	0a8e3443-c3e2-4918-84db-0495657d9175
39.22743	-8.55082	young	cytomegalovirus infection	0a8e3443-c3e2-4918-84db-0495657d9175
41.035496	-8.891991	young	cytomegalovirus infection	0a8e3443-c3e2-4918-84db-0495657d9175
34.544567	-14.586755	young	cytomegalovirus infection	0a8e3443-c3e2-4918-84db-0495657d9175
26.600138	2.216442	young	cytomegalovirus infection	0a8e3443-c3e2-4918-84db-0495657d9175
27.481544	-21.557993	young	cytomegalovirus infection	0a8e3443-c3e2-4918-84db-0495657d9175
41.01683	-5.322173	young	cytomegalovirus infection	0a8e3443-c3e2-4918-84db-0495657d9175
25.184828	-20.479404	young	cytomegalovirus infection	0a8e3443-c3e2-4918-84db-0495657d9175
37.68337	6.1776805	young	cytomegalovirus infection	0a8e3443-c3e2-4918-84db-0495657d9175
43.619137	15.205698	young	cytomegalovirus infection	0a8e3443-c3e2-4918-84db-0495657d9175
40.256226	9.617036	young	cytomegalovirus infection	0a8e3443-c3e2-4918-84db-0495657d9175
46.144287	15.034845	young	cytomegalovirus infection	5fde5c9c-5b1e-4df5-982a-3f8e7635161f
40.05325	12.142842	young	cytomegalovirus infection	5fde5c9c-5b1e-4df5-982a-3f8e7635161f
39.149315	-8.745273	young	cytomegalovirus infection	5fde5c9c-5b1e-4df5-982a-3f8e7635161f
39.60307	10.570412	young	cytomegalovirus infection	5fde5c9c-5b1e-4df5-982a-3f8e7635161f
36.090946	8.318238	young	cytomegalovirus infection	5fde5c9c-5b1e-4df5-982a-3f8e7635161f
39.91392	-1.1094712	young	cytomegalovirus infection	5fde5c9c-5b1e-4df5-982a-3f8e7635161f
42.997738	-4.638328	young	cytomegalovirus infection	5fde5c9c-5b1e-4df5-982a-3f8e7635161f
41.049355	16.350626	young	cytomegalovirus infection	5fde5c9c-5b1e-4df5-982a-3f8e7635161f
40.90756	14.846184	young	normal	46104f0b-9af5-466a-ae0f-56b8dc1969a2
37.5044	15.874587	young	normal	46104f0b-9af5-466a-ae0f-56b8dc1969a2
24.055765	-9.523442	young	normal	46104f0b-9af5-466a-ae0f-56b8dc1969a2
34.46048	-11.087041	young	normal	46104f0b-9af5-466a-ae0f-56b8dc1969a2
41.72842	10.854728	young	normal	46104f0b-9af5-466a-ae0f-56b8dc1969a2
37.08008	15.965287	young	normal	46104f0b-9af5-466a-ae0f-56b8dc1969a2
42.861248	-0.47893566	young	normal	46104f0b-9af5-466a-ae0f-56b8dc1969a2
37.76912	-1.7867177	young	normal	46104f0b-9af5-466a-ae0f-56b8dc1969a2
38.693905	11.351434	old	normal	47e00f43-6176-44a5-b4d1-f88a1920fcab
43.872585	11.680239	old	normal	47e00f43-6176-44a5-b4d1-f88a1920fcab
42.788227	8.392147	old	normal	47e00f43-6176-44a5-b4d1-f88a1920fcab
33.972668	10.87855	old	normal	47e00f43-6176-44a5-b4d1-f88a1920fcab
37.557148	7.894307	old	normal	47e00f43-6176-44a5-b4d1-f88a1920fcab
37.159233	11.228065	old	normal	47e00f43-6176-44a5-b4d1-f88a1920fcab
42.85441	12.691834	old	normal	47e00f43-6176-44a5-b4d1-f88a1920fcab
40.474586	-1.3891426	old	normal	47e00f43-6176-44a5-b4d1-f88a1920fcab
39.83841	8.843044	old	cytomegalovirus infection	aa32098f-f7b0-43f2-a00a-601d190aae94
45.896244	12.281594	old	cytomegalovirus infection	aa32098f-f7b0-43f2-a00a-601d190aae94
24.409416	-17.43662	old	cytomegalovirus infection	aa32098f-f7b0-43f2-a00a-601d190aae94
40.971077	6.0782514	old	cytomegalovirus infection	aa32098f-f7b0-43f2-a00a-601d190aae94
38.12283	18.453354	old	cytomegalovirus infection	aa32098f-f7b0-43f2-a00a-601d190aae94
39.54067	5.511363	old	cytomegalovirus infection	aa32098f-f7b0-43f2-a00a-601d190aae94
42.059658	12.391096	old	cytomegalovirus infection	aa32098f-f7b0-43f2-a00a-601d190aae94
39.698994	8.722846	old	cytomegalovirus infection	aa32098f-f7b0-43f2-a00a-601d190aae94
43.98558	12.158094	old	normal	3cb646ab-d411-4e5b-89eb-082a786c953b
45.80705	8.578607	old	normal	3cb646ab-d411-4e5b-89eb-082a786c953b
35.907024	-14.111822	old	normal	3cb646ab-d411-4e5b-89eb-082a786c953b
41.861668	-8.252822	old	normal	3cb646ab-d411-4e5b-89eb-082a786c953b
36.62583	15.976591	old	normal	3cb646ab-d411-4e5b-89eb-082a786c953b
44.734642	11.511128	old	normal	3cb646ab-d411-4e5b-89eb-082a786c953b
36.743076	-3.7824867	old	normal	3cb646ab-d411-4e5b-89eb-082a786c953b
43.879845	13.097897	old	normal	3cb646ab-d411-4e5b-89eb-082a786c953b
27.92122	5.9509654	old	cytomegalovirus infection	aa32098f-f7b0-43f2-a00a-601d190aae94
22.868256	-23.383522	old	cytomegalovirus infection	aa32098f-f7b0-43f2-a00a-601d190aae94
42.133408	11.505252	old	cytomegalovirus infection	aa32098f-f7b0-43f2-a00a-601d190aae94
37.403744	-13.543355	old	cytomegalovirus infection	aa32098f-f7b0-43f2-a00a-601d190aae94
37.127625	10.71384	old	cytomegalovirus infection	aa32098f-f7b0-43f2-a00a-601d190aae94
30.42652	5.0232487	old	cytomegalovirus infection	aa32098f-f7b0-43f2-a00a-601d190aae94
41.519424	-10.134151	old	cytomegalovirus infection	aa32098f-f7b0-43f2-a00a-601d190aae94
24.300028	2.967234	old	cytomegalovirus infection	aa32098f-f7b0-43f2-a00a-601d190aae94
21.92709	-12.138494	old	cytomegalovirus infection	0c0c49a2-b96b-432f-98a4-1decf9929149
38.700798	13.224794	old	cytomegalovirus infection	0c0c49a2-b96b-432f-98a4-1decf9929149
36.140625	16.19938	old	cytomegalovirus infection	0c0c49a2-b96b-432f-98a4-1decf9929149
42.116463	14.619034	old	cytomegalovirus infection	0c0c49a2-b96b-432f-98a4-1decf9929149
41.772434	12.980841	old	cytomegalovirus infection	0c0c49a2-b96b-432f-98a4-1decf9929149
28.342815	3.0345438	old	cytomegalovirus infection	0c0c49a2-b96b-432f-98a4-1decf9929149
42.41584	-2.624776	old	cytomegalovirus infection	0c0c49a2-b96b-432f-98a4-1decf9929149
38.860546	10.935573	old	cytomegalovirus infection	0c0c49a2-b96b-432f-98a4-1decf9929149
20.465012	-23.684278	old	cytomegalovirus infection	aa32098f-f7b0-43f2-a00a-601d190aae94
37.958622	2.953339	old	cytomegalovirus infection	aa32098f-f7b0-43f2-a00a-601d190aae94
40.32417	12.861424	old	cytomegalovirus infection	aa32098f-f7b0-43f2-a00a-601d190aae94
7.1746044	-11.076927	old	cytomegalovirus infection	aa32098f-f7b0-43f2-a00a-601d190aae94
44.905827	10.812056	old	cytomegalovirus infection	aa32098f-f7b0-43f2-a00a-601d190aae94
32.0097	12.106569	old	cytomegalovirus infection	aa32098f-f7b0-43f2-a00a-601d190aae94
42.608654	-4.0563154	old	cytomegalovirus infection	aa32098f-f7b0-43f2-a00a-601d190aae94
30.275019	-16.75629	old	cytomegalovirus infection	aa32098f-f7b0-43f2-a00a-601d190aae94
39.417534	-1.1350505	old	cytomegalovirus infection	aa32098f-f7b0-43f2-a00a-601d190aae94
24.413137	-21.523283	old	cytomegalovirus infection	aa32098f-f7b0-43f2-a00a-601d190aae94
21.732178	-20.581484	old	cytomegalovirus infection	aa32098f-f7b0-43f2-a00a-601d190aae94
43.480156	7.8895354	old	cytomegalovirus infection	aa32098f-f7b0-43f2-a00a-601d190aae94
23.305521	-16.777826	old	cytomegalovirus infection	aa32098f-f7b0-43f2-a00a-601d190aae94
42.14704	4.994098	old	cytomegalovirus infection	aa32098f-f7b0-43f2-a00a-601d190aae94
38.41319	9.531228	old	cytomegalovirus infection	aa32098f-f7b0-43f2-a00a-601d190aae94
37.057125	2.5992646	old	cytomegalovirus infection	aa32098f-f7b0-43f2-a00a-601d190aae94
42.934853	10.145944	old	normal	47e00f43-6176-44a5-b4d1-f88a1920fcab
37.86035	8.506407	old	normal	47e00f43-6176-44a5-b4d1-f88a1920fcab
29.589355	6.7164674	old	normal	47e00f43-6176-44a5-b4d1-f88a1920fcab
18.61459	-23.75773	old	normal	47e00f43-6176-44a5-b4d1-f88a1920fcab
25.320202	-23.223595	old	normal	47e00f43-6176-44a5-b4d1-f88a1920fcab
15.307511	6.797533	old	normal	47e00f43-6176-44a5-b4d1-f88a1920fcab
39.907417	9.323257	old	normal	47e00f43-6176-44a5-b4d1-f88a1920fcab
34.44218	12.394777	old	normal	47e00f43-6176-44a5-b4d1-f88a1920fcab
35.0514	9.187641	old	normal	3cb646ab-d411-4e5b-89eb-082a786c953b
45.551254	6.169794	old	normal	3cb646ab-d411-4e5b-89eb-082a786c953b
21.53775	-15.784479	old	normal	3cb646ab-d411-4e5b-89eb-082a786c953b
20.044136	4.024896	old	normal	3cb646ab-d411-4e5b-89eb-082a786c953b
42.14869	14.035264	old	normal	3cb646ab-d411-4e5b-89eb-082a786c953b
40.04204	7.74328	old	normal	3cb646ab-d411-4e5b-89eb-082a786c953b
35.39624	11.430951	old	normal	3cb646ab-d411-4e5b-89eb-082a786c953b
26.9708	9.085302	old	normal	3cb646ab-d411-4e5b-89eb-082a786c953b
43.73834	12.230796	old	normal	47e00f43-6176-44a5-b4d1-f88a1920fcab
44.0258	-2.132228	old	normal	47e00f43-6176-44a5-b4d1-f88a1920fcab
39.46835	3.9902241	old	normal	47e00f43-6176-44a5-b4d1-f88a1920fcab
42.25507	-7.180241	old	normal	47e00f43-6176-44a5-b4d1-f88a1920fcab
10.046858	-18.465511	old	normal	47e00f43-6176-44a5-b4d1-f88a1920fcab
43.17207	12.485693	old	normal	47e00f43-6176-44a5-b4d1-f88a1920fcab
37.559746	12.784901	old	normal	47e00f43-6176-44a5-b4d1-f88a1920fcab
18.476255	-23.558626	old	normal	47e00f43-6176-44a5-b4d1-f88a1920fcab
38.45051	11.371054	old	normal	3cb646ab-d411-4e5b-89eb-082a786c953b
42.65208	-6.196466	old	normal	47e00f43-6176-44a5-b4d1-f88a1920fcab
28.52768	5.038609	old	normal	47e00f43-6176-44a5-b4d1-f88a1920fcab
40.158928	8.240234	old	normal	47e00f43-6176-44a5-b4d1-f88a1920fcab
37.211	16.86608	old	normal	47e00f43-6176-44a5-b4d1-f88a1920fcab
36.0469	4.845246	old	normal	47e00f43-6176-44a5-b4d1-f88a1920fcab
36.35705	13.2342205	old	normal	47e00f43-6176-44a5-b4d1-f88a1920fcab
41.214653	8.598973	old	normal	47e00f43-6176-44a5-b4d1-f88a1920fcab
41.506523	15.666936	old	normal	47e00f43-6176-44a5-b4d1-f88a1920fcab
40.17916	8.11697	old	cytomegalovirus infection	aa32098f-f7b0-43f2-a00a-601d190aae94
41.72235	9.2986	old	cytomegalovirus infection	aa32098f-f7b0-43f2-a00a-601d190aae94
43.192604	1.9918007	old	cytomegalovirus infection	aa32098f-f7b0-43f2-a00a-601d190aae94
24.116415	-24.123396	old	cytomegalovirus infection	aa32098f-f7b0-43f2-a00a-601d190aae94
35.007008	9.207216	old	cytomegalovirus infection	aa32098f-f7b0-43f2-a00a-601d190aae94
41.16405	-14.353495	old	cytomegalovirus infection	aa32098f-f7b0-43f2-a00a-601d190aae94
28.808552	-19.115124	old	cytomegalovirus infection	aa32098f-f7b0-43f2-a00a-601d190aae94
36.45176	12.032928	old	cytomegalovirus infection	aa32098f-f7b0-43f2-a00a-601d190aae94
24.74786	-21.553432	old	cytomegalovirus infection	0c0c49a2-b96b-432f-98a4-1decf9929149
39.697	6.9541836	old	cytomegalovirus infection	0c0c49a2-b96b-432f-98a4-1decf9929149
36.72599	4.1791725	old	cytomegalovirus infection	0c0c49a2-b96b-432f-98a4-1decf9929149
33.597824	-16.423677	old	cytomegalovirus infection	0c0c49a2-b96b-432f-98a4-1decf9929149
44.062836	13.97256	old	cytomegalovirus infection	0c0c49a2-b96b-432f-98a4-1decf9929149
42.8355	12.056458	old	cytomegalovirus infection	0c0c49a2-b96b-432f-98a4-1decf9929149
22.428064	-19.084127	old	cytomegalovirus infection	0c0c49a2-b96b-432f-98a4-1decf9929149
24.392746	-20.913645	old	cytomegalovirus infection	0c0c49a2-b96b-432f-98a4-1decf9929149
38.532368	-7.8322773	old	normal	47e00f43-6176-44a5-b4d1-f88a1920fcab
39.59783	10.393049	old	normal	47e00f43-6176-44a5-b4d1-f88a1920fcab
44.931946	2.3706644	old	normal	47e00f43-6176-44a5-b4d1-f88a1920fcab
41.973713	-3.5190032	old	normal	47e00f43-6176-44a5-b4d1-f88a1920fcab
44.368122	-7.3434916	old	normal	47e00f43-6176-44a5-b4d1-f88a1920fcab
37.802135	-2.9957104	old	normal	47e00f43-6176-44a5-b4d1-f88a1920fcab
45.530056	-5.3785405	old	normal	47e00f43-6176-44a5-b4d1-f88a1920fcab
38.69881	-2.8108625	old	normal	47e00f43-6176-44a5-b4d1-f88a1920fcab
42.89154	10.196539	old	normal	3cb646ab-d411-4e5b-89eb-082a786c953b
41.713345	-2.3351104	old	normal	3cb646ab-d411-4e5b-89eb-082a786c953b
26.617073	-20.498842	old	normal	3cb646ab-d411-4e5b-89eb-082a786c953b
43.040413	14.671591	old	normal	3cb646ab-d411-4e5b-89eb-082a786c953b
33.521255	9.12002	old	normal	3cb646ab-d411-4e5b-89eb-082a786c953b
42.146755	-5.765112	old	normal	3cb646ab-d411-4e5b-89eb-082a786c953b
25.783728	-0.42485157	old	normal	3cb646ab-d411-4e5b-89eb-082a786c953b
34.43551	-15.224954	old	normal	3cb646ab-d411-4e5b-89eb-082a786c953b
40.034504	7.9488125	old	normal	3cb646ab-d411-4e5b-89eb-082a786c953b
41.83332	11.453066	old	normal	3cb646ab-d411-4e5b-89eb-082a786c953b
43.356773	-0.3713475	old	normal	3cb646ab-d411-4e5b-89eb-082a786c953b
38.113083	9.888348	old	normal	3cb646ab-d411-4e5b-89eb-082a786c953b
38.941113	7.71498	old	normal	3cb646ab-d411-4e5b-89eb-082a786c953b
40.20178	-7.256746	old	normal	3cb646ab-d411-4e5b-89eb-082a786c953b
37.654034	8.4711485	old	normal	3cb646ab-d411-4e5b-89eb-082a786c953b
41.98176	4.804168	old	normal	3cb646ab-d411-4e5b-89eb-082a786c953b
41.897053	11.527302	old	cytomegalovirus infection	aa32098f-f7b0-43f2-a00a-601d190aae94
42.52163	-12.58955	old	cytomegalovirus infection	aa32098f-f7b0-43f2-a00a-601d190aae94
42.55006	10.430449	old	cytomegalovirus infection	aa32098f-f7b0-43f2-a00a-601d190aae94
24.22846	-13.635261	old	cytomegalovirus infection	aa32098f-f7b0-43f2-a00a-601d190aae94
19.190825	-23.692574	old	cytomegalovirus infection	aa32098f-f7b0-43f2-a00a-601d190aae94
37.4528	9.650114	old	cytomegalovirus infection	aa32098f-f7b0-43f2-a00a-601d190aae94
39.18577	13.726449	old	cytomegalovirus infection	aa32098f-f7b0-43f2-a00a-601d190aae94
29.672308	8.457551	old	cytomegalovirus infection	aa32098f-f7b0-43f2-a00a-601d190aae94
41.663044	3.906548	old	cytomegalovirus infection	aa32098f-f7b0-43f2-a00a-601d190aae94
42.154858	-0.45594382	old	cytomegalovirus infection	aa32098f-f7b0-43f2-a00a-601d190aae94
13.727016	-16.863964	old	cytomegalovirus infection	aa32098f-f7b0-43f2-a00a-601d190aae94
40.25225	-14.199413	old	cytomegalovirus infection	aa32098f-f7b0-43f2-a00a-601d190aae94
28.767738	-21.944948	old	cytomegalovirus infection	aa32098f-f7b0-43f2-a00a-601d190aae94
31.516462	-18.50064	old	cytomegalovirus infection	aa32098f-f7b0-43f2-a00a-601d190aae94
34.800583	-16.829409	old	cytomegalovirus infection	aa32098f-f7b0-43f2-a00a-601d190aae94
42.878128	9.994428	old	cytomegalovirus infection	aa32098f-f7b0-43f2-a00a-601d190aae94
41.42745	-2.6946557	old	cytomegalovirus infection	aa32098f-f7b0-43f2-a00a-601d190aae94
37.16279	-11.824203	old	cytomegalovirus infection	aa32098f-f7b0-43f2-a00a-601d190aae94
41.594368	11.417063	old	cytomegalovirus infection	aa32098f-f7b0-43f2-a00a-601d190aae94
44.305553	9.825714	old	cytomegalovirus infection	aa32098f-f7b0-43f2-a00a-601d190aae94
21.59787	-15.988742	old	cytomegalovirus infection	aa32098f-f7b0-43f2-a00a-601d190aae94
40.02105	-5.105327	old	cytomegalovirus infection	aa32098f-f7b0-43f2-a00a-601d190aae94
37.319786	13.623413	old	cytomegalovirus infection	aa32098f-f7b0-43f2-a00a-601d190aae94
42.101032	4.6659994	old	cytomegalovirus infection	aa32098f-f7b0-43f2-a00a-601d190aae94
44.076424	15.076525	old	cytomegalovirus infection	aa32098f-f7b0-43f2-a00a-601d190aae94
18.956469	5.602102	old	cytomegalovirus infection	aa32098f-f7b0-43f2-a00a-601d190aae94
43.20646	11.291554	old	cytomegalovirus infection	aa32098f-f7b0-43f2-a00a-601d190aae94
38.9634	15.814388	old	cytomegalovirus infection	aa32098f-f7b0-43f2-a00a-601d190aae94
36.820183	-12.238812	old	cytomegalovirus infection	aa32098f-f7b0-43f2-a00a-601d190aae94
38.2725	15.089404	old	cytomegalovirus infection	aa32098f-f7b0-43f2-a00a-601d190aae94
45.359673	13.113463	old	cytomegalovirus infection	aa32098f-f7b0-43f2-a00a-601d190aae94
36.812374	-15.665673	old	cytomegalovirus infection	aa32098f-f7b0-43f2-a00a-601d190aae94
43.698635	-4.9913516	old	normal	47e00f43-6176-44a5-b4d1-f88a1920fcab
40.216354	11.454039	old	normal	47e00f43-6176-44a5-b4d1-f88a1920fcab
41.50408	-10.784711	old	normal	47e00f43-6176-44a5-b4d1-f88a1920fcab
42.71215	5.908808	old	normal	47e00f43-6176-44a5-b4d1-f88a1920fcab
42.100883	14.673788	old	normal	47e00f43-6176-44a5-b4d1-f88a1920fcab
43.583954	1.9376879	old	normal	47e00f43-6176-44a5-b4d1-f88a1920fcab
41.45982	-1.7329708	old	normal	47e00f43-6176-44a5-b4d1-f88a1920fcab
44.038746	-2.8342516	old	normal	47e00f43-6176-44a5-b4d1-f88a1920fcab
42.592278	11.050179	old	cytomegalovirus infection	aa32098f-f7b0-43f2-a00a-601d190aae94
31.055807	-8.691369	old	cytomegalovirus infection	aa32098f-f7b0-43f2-a00a-601d190aae94
36.29653	13.7519865	old	cytomegalovirus infection	aa32098f-f7b0-43f2-a00a-601d190aae94
38.53253	10.301182	old	cytomegalovirus infection	aa32098f-f7b0-43f2-a00a-601d190aae94
34.765682	-9.579337	old	cytomegalovirus infection	aa32098f-f7b0-43f2-a00a-601d190aae94
39.849743	10.755142	old	cytomegalovirus infection	aa32098f-f7b0-43f2-a00a-601d190aae94
43.84728	13.6994915	old	cytomegalovirus infection	aa32098f-f7b0-43f2-a00a-601d190aae94
41.16299	10.102746	old	cytomegalovirus infection	aa32098f-f7b0-43f2-a00a-601d190aae94
35.62534	-9.608629	old	cytomegalovirus infection	0c0c49a2-b96b-432f-98a4-1decf9929149
27.917395	-0.68384	old	cytomegalovirus infection	0c0c49a2-b96b-432f-98a4-1decf9929149
28.645653	-22.470322	old	cytomegalovirus infection	0c0c49a2-b96b-432f-98a4-1decf9929149
41.182396	7.7062855	old	cytomegalovirus infection	0c0c49a2-b96b-432f-98a4-1decf9929149
25.651653	-13.269769	old	cytomegalovirus infection	0c0c49a2-b96b-432f-98a4-1decf9929149
36.90592	-14.931271	old	cytomegalovirus infection	0c0c49a2-b96b-432f-98a4-1decf9929149
16.305737	-22.0262	old	cytomegalovirus infection	0c0c49a2-b96b-432f-98a4-1decf9929149
39.887943	1.3308403	old	cytomegalovirus infection	0c0c49a2-b96b-432f-98a4-1decf9929149
-2.2447271	1.8294606	old	COVID-19	21d3e683-80a4-4d9b-bc89-ebb2df513dde
-3.295621	-11.227572	old	COVID-19	21d3e683-80a4-4d9b-bc89-ebb2df513dde
-2.1058369	-14.793964	old	COVID-19	21d3e683-80a4-4d9b-bc89-ebb2df513dde
-2.1834517	-21.07888	old	COVID-19	21d3e683-80a4-4d9b-bc89-ebb2df513dde
-10.2052	-0.800723	young	normal	c838aec3-03ef-4398-b882-0e3912abfff0
-12.030901	-16.695944	young	normal	c838aec3-03ef-4398-b882-0e3912abfff0
-13.659185	-2.488196	young	normal	c838aec3-03ef-4398-b882-0e3912abfff0
-4.4226685	3.010098	young	normal	c838aec3-03ef-4398-b882-0e3912abfff0
-13.232757	10.548114	young	normal	c838aec3-03ef-4398-b882-0e3912abfff0
-8.344834	-17.820902	young	normal	c838aec3-03ef-4398-b882-0e3912abfff0
-10.93418	7.3331943	young	normal	c838aec3-03ef-4398-b882-0e3912abfff0
-17.11329	12.583025	young	normal	c838aec3-03ef-4398-b882-0e3912abfff0
-10.097811	-16.667013	young	normal	c838aec3-03ef-4398-b882-0e3912abfff0
-17.481636	7.3542933	young	normal	c838aec3-03ef-4398-b882-0e3912abfff0
-14.300412	10.512072	young	normal	c838aec3-03ef-4398-b882-0e3912abfff0
-14.42745	7.39533	young	normal	c838aec3-03ef-4398-b882-0e3912abfff0
-15.233886	-13.480141	young	normal	c838aec3-03ef-4398-b882-0e3912abfff0
-10.677726	4.2255135	young	normal	c838aec3-03ef-4398-b882-0e3912abfff0
-16.696333	9.2242565	young	normal	c838aec3-03ef-4398-b882-0e3912abfff0
-13.493615	15.209122	young	normal	c838aec3-03ef-4398-b882-0e3912abfff0
-0.3832056	-26.127579	young	normal	c838aec3-03ef-4398-b882-0e3912abfff0
-13.359899	5.0011024	young	normal	c838aec3-03ef-4398-b882-0e3912abfff0
-8.984604	-24.629665	young	normal	c838aec3-03ef-4398-b882-0e3912abfff0
-12.636444	4.754614	young	normal	c838aec3-03ef-4398-b882-0e3912abfff0
-12.993283	-1.0911925	young	normal	c838aec3-03ef-4398-b882-0e3912abfff0
-13.487012	8.094512	young	normal	c838aec3-03ef-4398-b882-0e3912abfff0
-5.2731647	0.65663177	young	normal	c838aec3-03ef-4398-b882-0e3912abfff0
-17.812838	17.945173	young	normal	c838aec3-03ef-4398-b882-0e3912abfff0
-17.797085	16.88934	young	normal	c838aec3-03ef-4398-b882-0e3912abfff0
-1.2627227	-15.653166	young	normal	c838aec3-03ef-4398-b882-0e3912abfff0
-11.327012	-20.530323	young	normal	c838aec3-03ef-4398-b882-0e3912abfff0
-14.484155	6.7115283	young	normal	c838aec3-03ef-4398-b882-0e3912abfff0
-10.959243	-25.466543	old	normal	c838aec3-03ef-4398-b882-0e3912abfff0
-17.609625	12.997521	old	normal	c838aec3-03ef-4398-b882-0e3912abfff0
-11.088207	-26.868092	old	normal	c838aec3-03ef-4398-b882-0e3912abfff0
0.17458233	-22.871758	old	normal	c838aec3-03ef-4398-b882-0e3912abfff0
-13.604494	3.9714735	young	normal	c838aec3-03ef-4398-b882-0e3912abfff0
-15.080726	6.6273026	young	normal	c838aec3-03ef-4398-b882-0e3912abfff0
-14.918146	14.985254	young	normal	c838aec3-03ef-4398-b882-0e3912abfff0
-10.19116	-3.7700922	young	normal	c838aec3-03ef-4398-b882-0e3912abfff0
-17.424835	17.659615	young	normal	c838aec3-03ef-4398-b882-0e3912abfff0
-12.97506	-8.794596	young	normal	c838aec3-03ef-4398-b882-0e3912abfff0
-13.320075	11.53172	young	normal	c838aec3-03ef-4398-b882-0e3912abfff0
-13.840076	11.903917	young	normal	c838aec3-03ef-4398-b882-0e3912abfff0
-13.17132	17.158026	young	normal	c838aec3-03ef-4398-b882-0e3912abfff0
-12.209765	-3.3115273	young	normal	c838aec3-03ef-4398-b882-0e3912abfff0
-10.991446	-1.2839792	young	normal	c838aec3-03ef-4398-b882-0e3912abfff0
-13.050136	13.713366	young	normal	c838aec3-03ef-4398-b882-0e3912abfff0
-14.871402	11.330071	young	normal	c838aec3-03ef-4398-b882-0e3912abfff0
-13.158041	-13.253956	young	normal	c838aec3-03ef-4398-b882-0e3912abfff0
-15.617805	-0.69008374	young	normal	c838aec3-03ef-4398-b882-0e3912abfff0
-12.252006	-14.233685	young	normal	c838aec3-03ef-4398-b882-0e3912abfff0
-9.903872	3.733935	young	normal	c838aec3-03ef-4398-b882-0e3912abfff0
-16.349066	12.087136	young	normal	c838aec3-03ef-4398-b882-0e3912abfff0
-10.948095	3.2608976	young	normal	c838aec3-03ef-4398-b882-0e3912abfff0
-10.939969	-3.5061648	young	normal	c838aec3-03ef-4398-b882-0e3912abfff0
-12.637181	-2.7029874	young	normal	c838aec3-03ef-4398-b882-0e3912abfff0
-2.035332	-11.383639	young	normal	c838aec3-03ef-4398-b882-0e3912abfff0
-7.472361	11.529924	young	normal	c838aec3-03ef-4398-b882-0e3912abfff0
-11.966498	-19.581024	young	normal	c838aec3-03ef-4398-b882-0e3912abfff0
-12.1722975	-3.4339638	young	normal	c838aec3-03ef-4398-b882-0e3912abfff0
-15.673321	-13.787959	young	normal	c838aec3-03ef-4398-b882-0e3912abfff0
-2.6340704	-18.776163	young	normal	c838aec3-03ef-4398-b882-0e3912abfff0
-7.803435	-16.158693	young	normal	c838aec3-03ef-4398-b882-0e3912abfff0
-19.215654	18.091105	young	normal	c838aec3-03ef-4398-b882-0e3912abfff0
-8.373205	2.7974463	young	normal	c838aec3-03ef-4398-b882-0e3912abfff0
-13.324633	9.634991	young	normal	c838aec3-03ef-4398-b882-0e3912abfff0
-11.09436	2.6530256	young	normal	c838aec3-03ef-4398-b882-0e3912abfff0
-13.267475	8.090742	young	normal	c838aec3-03ef-4398-b882-0e3912abfff0
-13.276684	3.3614802	young	normal	c838aec3-03ef-4398-b882-0e3912abfff0
-10.50139	10.656693	young	normal	c838aec3-03ef-4398-b882-0e3912abfff0
-12.764309	-1.6408345	young	normal	c838aec3-03ef-4398-b882-0e3912abfff0
-12.831062	6.69309	young	normal	c838aec3-03ef-4398-b882-0e3912abfff0
-5.5265474	-6.744487	young	normal	c838aec3-03ef-4398-b882-0e3912abfff0
-11.690474	10.433746	young	normal	c838aec3-03ef-4398-b882-0e3912abfff0
-11.185264	13.9082575	young	normal	c838aec3-03ef-4398-b882-0e3912abfff0
-15.414577	12.399387	young	normal	c838aec3-03ef-4398-b882-0e3912abfff0
-8.559243	-2.706988	young	normal	c838aec3-03ef-4398-b882-0e3912abfff0
-12.9838505	2.344947	young	normal	c838aec3-03ef-4398-b882-0e3912abfff0
-10.240639	-15.370204	young	normal	c838aec3-03ef-4398-b882-0e3912abfff0
-13.737652	18.110235	young	normal	c838aec3-03ef-4398-b882-0e3912abfff0
-13.06941	9.744569	young	normal	c838aec3-03ef-4398-b882-0e3912abfff0
-7.322818	-20.961435	young	normal	c838aec3-03ef-4398-b882-0e3912abfff0
-15.303491	17.550795	young	normal	c838aec3-03ef-4398-b882-0e3912abfff0
-10.727442	-1.9792802	young	normal	c838aec3-03ef-4398-b882-0e3912abfff0
-12.077468	14.952362	young	normal	c838aec3-03ef-4398-b882-0e3912abfff0
-12.9817095	5.746641	young	normal	c838aec3-03ef-4398-b882-0e3912abfff0
-13.999068	10.657083	young	normal	c838aec3-03ef-4398-b882-0e3912abfff0
-8.938195	-5.3231993	young	normal	c838aec3-03ef-4398-b882-0e3912abfff0
-13.033852	6.265835	young	normal	c838aec3-03ef-4398-b882-0e3912abfff0
-10.131998	0.69592386	young	normal	c838aec3-03ef-4398-b882-0e3912abfff0
-15.2072	14.142146	young	normal	c838aec3-03ef-4398-b882-0e3912abfff0
-6.9788013	-21.683706	old	normal	c838aec3-03ef-4398-b882-0e3912abfff0
-6.7938647	-19.234558	old	normal	c838aec3-03ef-4398-b882-0e3912abfff0
-7.378307	2.8563898	old	normal	c838aec3-03ef-4398-b882-0e3912abfff0
-5.99312	-19.324137	old	normal	c838aec3-03ef-4398-b882-0e3912abfff0
-6.2473187	-25.395945	old	normal	c838aec3-03ef-4398-b882-0e3912abfff0
-6.799424	-19.384306	old	normal	c838aec3-03ef-4398-b882-0e3912abfff0
-14.399861	13.372231	old	normal	c838aec3-03ef-4398-b882-0e3912abfff0
-12.270075	3.5119529	old	normal	c838aec3-03ef-4398-b882-0e3912abfff0
-11.719017	9.720409	young	normal	c838aec3-03ef-4398-b882-0e3912abfff0
-12.183741	9.149055	young	normal	c838aec3-03ef-4398-b882-0e3912abfff0
-13.117763	10.85545	young	normal	c838aec3-03ef-4398-b882-0e3912abfff0
-15.029889	17.241558	young	normal	c838aec3-03ef-4398-b882-0e3912abfff0
-9.2703495	3.9411867	young	normal	c838aec3-03ef-4398-b882-0e3912abfff0
-11.289707	-11.315181	young	normal	c838aec3-03ef-4398-b882-0e3912abfff0
-10.19243	-4.544125	young	normal	c838aec3-03ef-4398-b882-0e3912abfff0
-14.0266905	7.67728	young	normal	c838aec3-03ef-4398-b882-0e3912abfff0
-6.0163493	-24.680742	young	normal	c838aec3-03ef-4398-b882-0e3912abfff0
-14.341341	13.070897	young	normal	c838aec3-03ef-4398-b882-0e3912abfff0
-14.359945	3.1863773	young	normal	c838aec3-03ef-4398-b882-0e3912abfff0
-2.9010088	-10.92282	young	normal	c838aec3-03ef-4398-b882-0e3912abfff0
-12.267829	-7.494371	young	normal	c838aec3-03ef-4398-b882-0e3912abfff0
-4.2786975	-22.148224	young	normal	c838aec3-03ef-4398-b882-0e3912abfff0
-10.245216	-1.9002792	young	normal	c838aec3-03ef-4398-b882-0e3912abfff0
-9.2436495	2.9189029	young	normal	c838aec3-03ef-4398-b882-0e3912abfff0
-12.046273	-1.925774	young	normal	c838aec3-03ef-4398-b882-0e3912abfff0
-11.460494	4.660637	young	normal	c838aec3-03ef-4398-b882-0e3912abfff0
-13.706947	9.657677	young	normal	c838aec3-03ef-4398-b882-0e3912abfff0
-14.635417	-6.4388614	young	normal	c838aec3-03ef-4398-b882-0e3912abfff0
-11.34335	14.2850485	young	normal	c838aec3-03ef-4398-b882-0e3912abfff0
-16.228676	-0.37710735	young	normal	c838aec3-03ef-4398-b882-0e3912abfff0
-8.559987	5.6560574	young	normal	c838aec3-03ef-4398-b882-0e3912abfff0
-16.393375	11.84073	young	normal	c838aec3-03ef-4398-b882-0e3912abfff0
-8.278673	1.6566162	young	normal	c838aec3-03ef-4398-b882-0e3912abfff0
-15.592048	17.12916	young	normal	c838aec3-03ef-4398-b882-0e3912abfff0
-11.728538	-1.2593567	young	normal	c838aec3-03ef-4398-b882-0e3912abfff0
-13.712164	15.331528	young	normal	c838aec3-03ef-4398-b882-0e3912abfff0
-12.649738	-0.80503166	young	normal	c838aec3-03ef-4398-b882-0e3912abfff0
-4.8236485	1.2809398	young	normal	c838aec3-03ef-4398-b882-0e3912abfff0
-12.880861	-2.5259168	young	normal	c838aec3-03ef-4398-b882-0e3912abfff0
-13.583514	-5.45863	young	normal	c838aec3-03ef-4398-b882-0e3912abfff0
-9.251297	-2.6124551	young	normal	c838aec3-03ef-4398-b882-0e3912abfff0
-9.664775	14.199595	young	normal	c838aec3-03ef-4398-b882-0e3912abfff0
-3.25213	-15.161016	young	normal	c838aec3-03ef-4398-b882-0e3912abfff0
-13.911328	0.77098435	young	normal	c838aec3-03ef-4398-b882-0e3912abfff0
-10.871899	0.6286397	young	normal	c838aec3-03ef-4398-b882-0e3912abfff0
-8.385968	15.392186	young	normal	c838aec3-03ef-4398-b882-0e3912abfff0
-10.254941	-7.023689	young	normal	c838aec3-03ef-4398-b882-0e3912abfff0
-2.8287585	-14.747457	young	normal	c838aec3-03ef-4398-b882-0e3912abfff0
-8.431663	-10.7375555	young	normal	c838aec3-03ef-4398-b882-0e3912abfff0
-10.477928	-19.26987	young	normal	c838aec3-03ef-4398-b882-0e3912abfff0
-11.610004	-3.56715	young	normal	c838aec3-03ef-4398-b882-0e3912abfff0
-15.911067	14.240834	young	normal	c838aec3-03ef-4398-b882-0e3912abfff0
-7.0081005	-21.982952	young	normal	c838aec3-03ef-4398-b882-0e3912abfff0
-14.297188	16.26568	young	normal	c838aec3-03ef-4398-b882-0e3912abfff0
-6.74454	21.529148	young	normal	c838aec3-03ef-4398-b882-0e3912abfff0
-9.513201	1.7276889	young	normal	c838aec3-03ef-4398-b882-0e3912abfff0
-12.329284	-5.970548	young	normal	c838aec3-03ef-4398-b882-0e3912abfff0
-8.443494	-20.440458	young	normal	c838aec3-03ef-4398-b882-0e3912abfff0
-16.14183	13.870309	young	normal	c838aec3-03ef-4398-b882-0e3912abfff0
-0.34274337	-12.302187	young	normal	c838aec3-03ef-4398-b882-0e3912abfff0
-10.385468	2.6119208	young	normal	c838aec3-03ef-4398-b882-0e3912abfff0
-4.0129685	-15.37488	young	normal	c838aec3-03ef-4398-b882-0e3912abfff0
-13.238548	-4.069165	young	normal	c838aec3-03ef-4398-b882-0e3912abfff0
-12.348594	8.163437	young	normal	c838aec3-03ef-4398-b882-0e3912abfff0
-14.695724	-16.708128	young	normal	c838aec3-03ef-4398-b882-0e3912abfff0
-17.820421	16.327084	young	normal	c838aec3-03ef-4398-b882-0e3912abfff0
-13.713817	10.664986	young	normal	c838aec3-03ef-4398-b882-0e3912abfff0
-15.171552	-10.946703	young	normal	c838aec3-03ef-4398-b882-0e3912abfff0
-15.92978	10.444308	young	normal	c838aec3-03ef-4398-b882-0e3912abfff0
-14.805273	-16.871984	young	normal	c838aec3-03ef-4398-b882-0e3912abfff0
-15.001407	-21.263151	young	normal	c838aec3-03ef-4398-b882-0e3912abfff0
-17.3363	0.37442324	young	normal	c838aec3-03ef-4398-b882-0e3912abfff0
-14.102324	2.1048648	young	normal	c838aec3-03ef-4398-b882-0e3912abfff0
-19.242325	16.229933	young	normal	c838aec3-03ef-4398-b882-0e3912abfff0
-14.510177	-16.576555	young	normal	c838aec3-03ef-4398-b882-0e3912abfff0
-11.360253	-10.55946	young	normal	c838aec3-03ef-4398-b882-0e3912abfff0
-19.262365	1.5206195	young	normal	c838aec3-03ef-4398-b882-0e3912abfff0
-19.929228	16.884413	young	normal	c838aec3-03ef-4398-b882-0e3912abfff0
-17.441154	11.203489	young	normal	c838aec3-03ef-4398-b882-0e3912abfff0
-16.781866	12.055666	young	normal	c838aec3-03ef-4398-b882-0e3912abfff0
-22.417622	9.757541	young	normal	c838aec3-03ef-4398-b882-0e3912abfff0
-15.852075	-12.259398	young	normal	c838aec3-03ef-4398-b882-0e3912abfff0
-19.948793	14.902591	young	normal	c838aec3-03ef-4398-b882-0e3912abfff0
-18.047573	12.1678095	young	normal	c838aec3-03ef-4398-b882-0e3912abfff0
-10.394319	-27.004372	young	normal	c838aec3-03ef-4398-b882-0e3912abfff0
-19.533806	4.9779468	young	normal	c838aec3-03ef-4398-b882-0e3912abfff0
-21.19446	13.107333	young	normal	c838aec3-03ef-4398-b882-0e3912abfff0
-16.922197	-7.065512	young	normal	c838aec3-03ef-4398-b882-0e3912abfff0
-17.705019	10.098057	young	normal	c838aec3-03ef-4398-b882-0e3912abfff0
-19.438353	15.036668	young	normal	c838aec3-03ef-4398-b882-0e3912abfff0
-14.465168	14.254976	young	normal	c838aec3-03ef-4398-b882-0e3912abfff0
-17.531761	1.8251014	young	normal	c838aec3-03ef-4398-b882-0e3912abfff0
-16.858084	12.505819	young	normal	c838aec3-03ef-4398-b882-0e3912abfff0
-15.101728	-13.760573	young	normal	c838aec3-03ef-4398-b882-0e3912abfff0
-13.785116	-16.564856	young	normal	c838aec3-03ef-4398-b882-0e3912abfff0
-10.988699	-22.934484	young	normal	c838aec3-03ef-4398-b882-0e3912abfff0
-18.552574	14.402533	young	normal	c838aec3-03ef-4398-b882-0e3912abfff0
-17.841972	11.351973	young	normal	c838aec3-03ef-4398-b882-0e3912abfff0
-16.55009	-13.93593	young	normal	c838aec3-03ef-4398-b882-0e3912abfff0
-18.809958	12.31263	young	normal	c838aec3-03ef-4398-b882-0e3912abfff0
-10.331119	-16.223047	young	normal	c838aec3-03ef-4398-b882-0e3912abfff0
-18.375843	8.831969	young	normal	c838aec3-03ef-4398-b882-0e3912abfff0
-18.274103	-11.080248	young	normal	c838aec3-03ef-4398-b882-0e3912abfff0
-19.020164	16.030367	young	normal	c838aec3-03ef-4398-b882-0e3912abfff0
-15.545983	11.333272	young	normal	c838aec3-03ef-4398-b882-0e3912abfff0
-14.538094	12.846331	young	normal	c838aec3-03ef-4398-b882-0e3912abfff0
-18.858292	3.221712	young	normal	c838aec3-03ef-4398-b882-0e3912abfff0
-16.468409	-6.4290414	young	normal	c838aec3-03ef-4398-b882-0e3912abfff0
-9.199225	-18.093662	young	normal	c838aec3-03ef-4398-b882-0e3912abfff0
-13.335871	12.83091	young	normal	c838aec3-03ef-4398-b882-0e3912abfff0
-19.668022	17.612028	young	normal	c838aec3-03ef-4398-b882-0e3912abfff0
-16.402603	12.181876	young	normal	c838aec3-03ef-4398-b882-0e3912abfff0
-21.360207	18.200348	young	normal	c838aec3-03ef-4398-b882-0e3912abfff0
-20.437298	19.837385	young	normal	c838aec3-03ef-4398-b882-0e3912abfff0
-20.064732	17.708883	young	normal	c838aec3-03ef-4398-b882-0e3912abfff0
-15.961818	9.285215	young	normal	c838aec3-03ef-4398-b882-0e3912abfff0
-9.160497	-21.790504	young	normal	c838aec3-03ef-4398-b882-0e3912abfff0
-18.475239	12.294624	young	normal	c838aec3-03ef-4398-b882-0e3912abfff0
-13.396754	10.861348	young	normal	c838aec3-03ef-4398-b882-0e3912abfff0
-16.789864	9.487064	young	normal	c838aec3-03ef-4398-b882-0e3912abfff0
-18.133183	13.467459	young	normal	c838aec3-03ef-4398-b882-0e3912abfff0
-16.544052	16.712679	young	normal	c838aec3-03ef-4398-b882-0e3912abfff0
-20.615038	14.720572	young	normal	c838aec3-03ef-4398-b882-0e3912abfff0
-16.543488	-11.585733	young	normal	c838aec3-03ef-4398-b882-0e3912abfff0
-15.834632	-12.347448	young	normal	c838aec3-03ef-4398-b882-0e3912abfff0
-21.824215	15.486161	young	normal	c838aec3-03ef-4398-b882-0e3912abfff0
-21.345867	18.08346	young	normal	c838aec3-03ef-4398-b882-0e3912abfff0
-13.789915	-23.876406	young	normal	c838aec3-03ef-4398-b882-0e3912abfff0
-13.003936	-17.654509	young	normal	c838aec3-03ef-4398-b882-0e3912abfff0
-18.595282	14.96286	young	normal	c838aec3-03ef-4398-b882-0e3912abfff0
-14.852051	10.74069	young	normal	c838aec3-03ef-4398-b882-0e3912abfff0
-10.524113	-17.248676	young	normal	c838aec3-03ef-4398-b882-0e3912abfff0
-13.805419	12.46917	young	normal	c838aec3-03ef-4398-b882-0e3912abfff0
-19.514175	17.945463	young	normal	c838aec3-03ef-4398-b882-0e3912abfff0
-19.132618	18.921982	young	normal	c838aec3-03ef-4398-b882-0e3912abfff0
-17.788746	12.7584	young	normal	c838aec3-03ef-4398-b882-0e3912abfff0
-15.483398	9.088895	young	normal	c838aec3-03ef-4398-b882-0e3912abfff0
-15.785546	7.257381	young	normal	c838aec3-03ef-4398-b882-0e3912abfff0
-4.640221	-14.97461	young	normal	c838aec3-03ef-4398-b882-0e3912abfff0
-5.77532	-31.619713	young	normal	c838aec3-03ef-4398-b882-0e3912abfff0
-17.554178	6.2489696	young	normal	c838aec3-03ef-4398-b882-0e3912abfff0
-15.200331	13.113517	young	normal	c838aec3-03ef-4398-b882-0e3912abfff0
-15.175263	-15.829733	young	normal	c838aec3-03ef-4398-b882-0e3912abfff0
-11.909555	-16.46496	young	normal	c838aec3-03ef-4398-b882-0e3912abfff0
-9.321641	-26.288998	old	normal	c838aec3-03ef-4398-b882-0e3912abfff0
-12.252368	6.4533677	old	normal	c838aec3-03ef-4398-b882-0e3912abfff0
-19.261723	14.024777	old	normal	c838aec3-03ef-4398-b882-0e3912abfff0
-17.555223	7.7513504	old	normal	c838aec3-03ef-4398-b882-0e3912abfff0
-12.842695	-11.159093	old	normal	c838aec3-03ef-4398-b882-0e3912abfff0
-13.539986	-3.6253252	old	normal	c838aec3-03ef-4398-b882-0e3912abfff0
-17.661877	15.14014	old	normal	c838aec3-03ef-4398-b882-0e3912abfff0
-17.523193	12.027603	old	normal	c838aec3-03ef-4398-b882-0e3912abfff0
-18.918062	16.212471	young	normal	c838aec3-03ef-4398-b882-0e3912abfff0
-20.933718	17.606358	young	normal	c838aec3-03ef-4398-b882-0e3912abfff0
-12.680376	-8.672354	young	normal	c838aec3-03ef-4398-b882-0e3912abfff0
-17.49168	-16.388567	young	normal	c838aec3-03ef-4398-b882-0e3912abfff0
-19.085775	14.445468	young	normal	c838aec3-03ef-4398-b882-0e3912abfff0
-15.802775	11.2420845	young	normal	c838aec3-03ef-4398-b882-0e3912abfff0
-19.239927	16.696495	young	normal	c838aec3-03ef-4398-b882-0e3912abfff0
-11.829596	6.7702155	young	normal	c838aec3-03ef-4398-b882-0e3912abfff0
-15.941058	8.538633	old	normal	c838aec3-03ef-4398-b882-0e3912abfff0
-19.79246	14.7254305	old	normal	c838aec3-03ef-4398-b882-0e3912abfff0
-12.599886	6.254451	old	normal	c838aec3-03ef-4398-b882-0e3912abfff0
-17.118788	-4.4499607	old	normal	c838aec3-03ef-4398-b882-0e3912abfff0
-10.821717	4.558653	old	normal	c838aec3-03ef-4398-b882-0e3912abfff0
-10.703921	-9.288113	old	normal	c838aec3-03ef-4398-b882-0e3912abfff0
-15.921055	11.144325	old	normal	c838aec3-03ef-4398-b882-0e3912abfff0
-15.633031	7.5359735	old	normal	c838aec3-03ef-4398-b882-0e3912abfff0
-13.110885	5.135731	young	normal	c838aec3-03ef-4398-b882-0e3912abfff0
-16.746847	-11.196119	young	normal	c838aec3-03ef-4398-b882-0e3912abfff0
-12.413182	6.315884	young	normal	c838aec3-03ef-4398-b882-0e3912abfff0
-21.222763	15.666406	young	normal	c838aec3-03ef-4398-b882-0e3912abfff0
-14.440332	-19.266796	young	normal	c838aec3-03ef-4398-b882-0e3912abfff0
-14.608568	6.8331285	young	normal	c838aec3-03ef-4398-b882-0e3912abfff0
-17.82894	-0.23155645	young	normal	c838aec3-03ef-4398-b882-0e3912abfff0
-13.13991	-4.8174996	young	normal	c838aec3-03ef-4398-b882-0e3912abfff0
-12.59043	-2.667939	old	normal	c838aec3-03ef-4398-b882-0e3912abfff0
-15.107251	9.28932	old	normal	c838aec3-03ef-4398-b882-0e3912abfff0
-17.950005	16.140747	old	normal	c838aec3-03ef-4398-b882-0e3912abfff0
-18.587513	11.317745	old	normal	c838aec3-03ef-4398-b882-0e3912abfff0
-14.564269	9.160577	old	normal	c838aec3-03ef-4398-b882-0e3912abfff0
-9.475437	-18.716146	old	normal	c838aec3-03ef-4398-b882-0e3912abfff0
-17.980028	11.347335	old	normal	c838aec3-03ef-4398-b882-0e3912abfff0
-17.878557	11.664585	old	normal	c838aec3-03ef-4398-b882-0e3912abfff0
-9.773587	1.9989752	old	normal	c838aec3-03ef-4398-b882-0e3912abfff0
-17.294893	13.212757	old	normal	c838aec3-03ef-4398-b882-0e3912abfff0
-16.65169	12.164165	old	normal	c838aec3-03ef-4398-b882-0e3912abfff0
-14.484309	12.786781	old	normal	c838aec3-03ef-4398-b882-0e3912abfff0
-13.401655	3.9089348	old	normal	c838aec3-03ef-4398-b882-0e3912abfff0
-15.904737	6.5880976	old	normal	c838aec3-03ef-4398-b882-0e3912abfff0
-16.365602	8.8032055	old	normal	c838aec3-03ef-4398-b882-0e3912abfff0
-12.736714	7.409148	old	normal	c838aec3-03ef-4398-b882-0e3912abfff0
-16.44796	13.297754	old	normal	c838aec3-03ef-4398-b882-0e3912abfff0
19.51319	-2.1131215	old	normal	c838aec3-03ef-4398-b882-0e3912abfff0
-10.661286	-21.957298	old	normal	c838aec3-03ef-4398-b882-0e3912abfff0
-7.377055	-16.036037	old	normal	c838aec3-03ef-4398-b882-0e3912abfff0
-9.171863	4.4663596	old	normal	c838aec3-03ef-4398-b882-0e3912abfff0
-15.349468	11.9477625	old	normal	c838aec3-03ef-4398-b882-0e3912abfff0
-15.626004	5.4060564	old	normal	c838aec3-03ef-4398-b882-0e3912abfff0
-13.975012	6.767464	old	normal	c838aec3-03ef-4398-b882-0e3912abfff0
-19.129627	18.595434	old	normal	c838aec3-03ef-4398-b882-0e3912abfff0
-15.052118	13.0521	old	normal	c838aec3-03ef-4398-b882-0e3912abfff0
-20.879585	15.17518	old	normal	c838aec3-03ef-4398-b882-0e3912abfff0
-13.94919	7.4161687	old	normal	c838aec3-03ef-4398-b882-0e3912abfff0
-18.773947	10.041261	old	normal	c838aec3-03ef-4398-b882-0e3912abfff0
-8.317476	-25.516207	old	normal	c838aec3-03ef-4398-b882-0e3912abfff0
-17.104132	10.904777	old	normal	c838aec3-03ef-4398-b882-0e3912abfff0
-11.557007	11.813621	old	normal	c838aec3-03ef-4398-b882-0e3912abfff0
-17.8573	13.867683	old	normal	c838aec3-03ef-4398-b882-0e3912abfff0
-18.886461	8.400919	old	normal	c838aec3-03ef-4398-b882-0e3912abfff0
-15.347673	-0.8399249	old	normal	c838aec3-03ef-4398-b882-0e3912abfff0
-14.9465275	10.577945	old	normal	c838aec3-03ef-4398-b882-0e3912abfff0
-18.221178	13.239478	old	normal	c838aec3-03ef-4398-b882-0e3912abfff0
-18.337872	-18.605867	old	normal	c838aec3-03ef-4398-b882-0e3912abfff0
-11.428699	-0.7098549	old	normal	c838aec3-03ef-4398-b882-0e3912abfff0
-19.479773	14.857406	old	normal	c838aec3-03ef-4398-b882-0e3912abfff0
-16.697815	3.2962413	old	normal	c838aec3-03ef-4398-b882-0e3912abfff0
-14.282359	5.7265654	old	normal	c838aec3-03ef-4398-b882-0e3912abfff0
-19.05585	19.738754	old	normal	c838aec3-03ef-4398-b882-0e3912abfff0
-12.302785	-4.356012	old	normal	c838aec3-03ef-4398-b882-0e3912abfff0
-8.118617	-27.715172	old	normal	c838aec3-03ef-4398-b882-0e3912abfff0
-9.169878	-16.149698	old	normal	c838aec3-03ef-4398-b882-0e3912abfff0
-13.123126	-21.848751	old	normal	c838aec3-03ef-4398-b882-0e3912abfff0
-12.748709	-23.252861	old	normal	c838aec3-03ef-4398-b882-0e3912abfff0
-11.662079	-24.56396	old	normal	c838aec3-03ef-4398-b882-0e3912abfff0
-13.591711	6.713505	old	normal	c838aec3-03ef-4398-b882-0e3912abfff0
-18.048304	14.060777	old	normal	c838aec3-03ef-4398-b882-0e3912abfff0
-10.827599	-24.558117	old	normal	c838aec3-03ef-4398-b882-0e3912abfff0
-10.471895	-24.513943	old	normal	c838aec3-03ef-4398-b882-0e3912abfff0
-12.664842	10.993012	old	normal	c838aec3-03ef-4398-b882-0e3912abfff0
-10.240679	-17.87925	old	normal	c838aec3-03ef-4398-b882-0e3912abfff0
-5.888918	-19.717705	old	normal	c838aec3-03ef-4398-b882-0e3912abfff0
-9.339697	-7.6888785	young	normal	c838aec3-03ef-4398-b882-0e3912abfff0
-11.951229	-20.399992	young	normal	c838aec3-03ef-4398-b882-0e3912abfff0
-19.932104	15.558055	young	normal	c838aec3-03ef-4398-b882-0e3912abfff0
-14.859412	9.20121	young	normal	c838aec3-03ef-4398-b882-0e3912abfff0
-13.646524	-23.609331	young	normal	c838aec3-03ef-4398-b882-0e3912abfff0
-20.35763	19.93975	young	normal	c838aec3-03ef-4398-b882-0e3912abfff0
-17.150164	11.933862	young	normal	c838aec3-03ef-4398-b882-0e3912abfff0
-19.07458	15.274839	young	normal	c838aec3-03ef-4398-b882-0e3912abfff0
-20.89005	17.30989	young	normal	c838aec3-03ef-4398-b882-0e3912abfff0
-14.441647	-23.378313	young	normal	c838aec3-03ef-4398-b882-0e3912abfff0
-20.6734	17.102123	young	normal	c838aec3-03ef-4398-b882-0e3912abfff0
-10.951063	-25.345684	young	normal	c838aec3-03ef-4398-b882-0e3912abfff0
-14.557141	11.425576	young	normal	c838aec3-03ef-4398-b882-0e3912abfff0
-14.816926	-10.723289	young	normal	c838aec3-03ef-4398-b882-0e3912abfff0
-11.601654	4.8965716	young	normal	c838aec3-03ef-4398-b882-0e3912abfff0
-12.774237	-19.991302	young	normal	c838aec3-03ef-4398-b882-0e3912abfff0
-20.159325	17.52015	old	normal	c838aec3-03ef-4398-b882-0e3912abfff0
-12.865655	-20.743423	old	normal	c838aec3-03ef-4398-b882-0e3912abfff0
-14.77487	16.705563	old	normal	c838aec3-03ef-4398-b882-0e3912abfff0
-15.169737	12.034549	old	normal	c838aec3-03ef-4398-b882-0e3912abfff0
-13.81318	-25.231247	old	normal	c838aec3-03ef-4398-b882-0e3912abfff0
-11.557987	3.6391609	old	normal	c838aec3-03ef-4398-b882-0e3912abfff0
-14.5168	-18.525234	old	normal	c838aec3-03ef-4398-b882-0e3912abfff0
-15.736077	12.18612	old	normal	c838aec3-03ef-4398-b882-0e3912abfff0
-14.906628	13.004791	young	normal	c838aec3-03ef-4398-b882-0e3912abfff0
-12.009884	9.237102	young	normal	c838aec3-03ef-4398-b882-0e3912abfff0
-19.333511	17.394712	young	normal	c838aec3-03ef-4398-b882-0e3912abfff0
-7.059137	-19.997307	young	normal	c838aec3-03ef-4398-b882-0e3912abfff0
-14.255295	4.5239425	young	normal	c838aec3-03ef-4398-b882-0e3912abfff0
2.6792727	-0.4139577	young	normal	c838aec3-03ef-4398-b882-0e3912abfff0
-14.064749	0.032332808	young	normal	c838aec3-03ef-4398-b882-0e3912abfff0
-8.718075	-0.314749	young	normal	c838aec3-03ef-4398-b882-0e3912abfff0
-12.740486	-21.151192	young	normal	c838aec3-03ef-4398-b882-0e3912abfff0
-11.954632	-18.773373	young	normal	c838aec3-03ef-4398-b882-0e3912abfff0
-16.860998	13.5636015	young	normal	c838aec3-03ef-4398-b882-0e3912abfff0
-15.96909	11.049091	young	normal	c838aec3-03ef-4398-b882-0e3912abfff0
-12.554996	5.0233965	young	normal	c838aec3-03ef-4398-b882-0e3912abfff0
-10.052364	-10.207138	young	normal	c838aec3-03ef-4398-b882-0e3912abfff0
-19.51524	15.961081	young	normal	c838aec3-03ef-4398-b882-0e3912abfff0
-9.313933	-26.934332	young	normal	c838aec3-03ef-4398-b882-0e3912abfff0
-9.426288	7.0193048	young	normal	c838aec3-03ef-4398-b882-0e3912abfff0
-5.3834352	-2.431776	young	normal	c838aec3-03ef-4398-b882-0e3912abfff0
-13.499913	8.831341	young	normal	c838aec3-03ef-4398-b882-0e3912abfff0
-8.625238	-10.5008745	young	normal	c838aec3-03ef-4398-b882-0e3912abfff0
-10.339577	-19.913847	young	normal	c838aec3-03ef-4398-b882-0e3912abfff0
-8.614722	-11.130668	young	normal	c838aec3-03ef-4398-b882-0e3912abfff0
-6.1089582	-20.978638	young	normal	c838aec3-03ef-4398-b882-0e3912abfff0
-7.291689	-12.789156	young	normal	c838aec3-03ef-4398-b882-0e3912abfff0
-8.311983	-24.509424	old	normal	c838aec3-03ef-4398-b882-0e3912abfff0
-7.188215	-25.77594	old	normal	c838aec3-03ef-4398-b882-0e3912abfff0
-14.521216	-1.2664688	old	normal	c838aec3-03ef-4398-b882-0e3912abfff0
-16.677986	6.34111	old	normal	c838aec3-03ef-4398-b882-0e3912abfff0
-15.092784	13.656889	old	normal	c838aec3-03ef-4398-b882-0e3912abfff0
-12.090584	-22.713022	old	normal	c838aec3-03ef-4398-b882-0e3912abfff0
-13.140415	5.6498356	old	normal	c838aec3-03ef-4398-b882-0e3912abfff0
-8.273817	-0.9674463	old	normal	c838aec3-03ef-4398-b882-0e3912abfff0
-13.840005	13.410146	young	normal	c838aec3-03ef-4398-b882-0e3912abfff0
-17.553213	-7.5279675	young	normal	c838aec3-03ef-4398-b882-0e3912abfff0
-17.632744	12.906749	young	normal	c838aec3-03ef-4398-b882-0e3912abfff0
-15.875897	-3.4993258	young	normal	c838aec3-03ef-4398-b882-0e3912abfff0
-19.24989	-12.285633	young	normal	c838aec3-03ef-4398-b882-0e3912abfff0
-12.308568	3.0048165	young	normal	c838aec3-03ef-4398-b882-0e3912abfff0
-16.283134	9.85253	young	normal	c838aec3-03ef-4398-b882-0e3912abfff0
-17.465006	1.0042576	young	normal	c838aec3-03ef-4398-b882-0e3912abfff0
-16.096516	4.9545255	young	normal	c838aec3-03ef-4398-b882-0e3912abfff0
-8.133814	-1.939691	young	normal	c838aec3-03ef-4398-b882-0e3912abfff0
-6.841359	-26.461145	young	normal	c838aec3-03ef-4398-b882-0e3912abfff0
-17.846739	0.1528091	young	normal	c838aec3-03ef-4398-b882-0e3912abfff0
-8.373086	-20.790266	young	normal	c838aec3-03ef-4398-b882-0e3912abfff0
-8.637075	1.2487991	young	normal	c838aec3-03ef-4398-b882-0e3912abfff0
-19.481882	18.85871	young	normal	c838aec3-03ef-4398-b882-0e3912abfff0
-6.739023	-16.923592	young	normal	c838aec3-03ef-4398-b882-0e3912abfff0
-13.866649	1.0457327	young	normal	c838aec3-03ef-4398-b882-0e3912abfff0
-15.028696	-9.511543	young	normal	c838aec3-03ef-4398-b882-0e3912abfff0
-7.9607425	-26.723177	young	normal	c838aec3-03ef-4398-b882-0e3912abfff0
-10.691164	-26.945627	young	normal	c838aec3-03ef-4398-b882-0e3912abfff0
-15.597	10.401512	young	normal	c838aec3-03ef-4398-b882-0e3912abfff0
-9.513845	-23.376377	young	normal	c838aec3-03ef-4398-b882-0e3912abfff0
-11.723441	-9.4725895	young	normal	c838aec3-03ef-4398-b882-0e3912abfff0
-17.309862	17.045275	young	normal	c838aec3-03ef-4398-b882-0e3912abfff0
-19.112474	-1.3743869	old	normal	c838aec3-03ef-4398-b882-0e3912abfff0
-16.868181	8.155823	old	normal	c838aec3-03ef-4398-b882-0e3912abfff0
-13.35984	-10.783741	old	normal	c838aec3-03ef-4398-b882-0e3912abfff0
-10.158747	6.991577	old	normal	c838aec3-03ef-4398-b882-0e3912abfff0
-15.107631	-19.024414	old	normal	c838aec3-03ef-4398-b882-0e3912abfff0
-9.581621	-28.020298	old	normal	c838aec3-03ef-4398-b882-0e3912abfff0
-18.643915	18.624928	old	normal	c838aec3-03ef-4398-b882-0e3912abfff0
-17.157152	12.372985	old	normal	c838aec3-03ef-4398-b882-0e3912abfff0
-11.138197	7.616894	old	normal	c838aec3-03ef-4398-b882-0e3912abfff0
-10.68629	-24.394787	old	normal	c838aec3-03ef-4398-b882-0e3912abfff0
-8.752874	-25.77731	old	normal	c838aec3-03ef-4398-b882-0e3912abfff0
-18.776716	18.410784	old	normal	c838aec3-03ef-4398-b882-0e3912abfff0
-10.129613	-2.4924576	old	normal	c838aec3-03ef-4398-b882-0e3912abfff0
-13.23077	-26.268839	old	normal	c838aec3-03ef-4398-b882-0e3912abfff0
-11.3204365	-20.078869	old	normal	c838aec3-03ef-4398-b882-0e3912abfff0
-14.606731	-1.4552193	old	normal	c838aec3-03ef-4398-b882-0e3912abfff0
-12.569485	4.3699875	old	normal	c838aec3-03ef-4398-b882-0e3912abfff0
-14.335906	-7.006264	old	normal	c838aec3-03ef-4398-b882-0e3912abfff0
-17.139376	0.71729714	old	normal	c838aec3-03ef-4398-b882-0e3912abfff0
-13.306337	-4.7952085	old	normal	c838aec3-03ef-4398-b882-0e3912abfff0
-10.083598	-18.660658	old	normal	c838aec3-03ef-4398-b882-0e3912abfff0
-17.516	13.433949	old	normal	c838aec3-03ef-4398-b882-0e3912abfff0
-19.197495	13.188579	old	normal	c838aec3-03ef-4398-b882-0e3912abfff0
-15.707909	5.2646976	young	normal	c838aec3-03ef-4398-b882-0e3912abfff0
-10.061606	-21.324913	young	normal	c838aec3-03ef-4398-b882-0e3912abfff0
-15.139618	7.325435	young	normal	c838aec3-03ef-4398-b882-0e3912abfff0
-16.10879	-4.5440803	young	normal	c838aec3-03ef-4398-b882-0e3912abfff0
-15.56847	15.878065	young	normal	c838aec3-03ef-4398-b882-0e3912abfff0
-17.89928	19.724277	young	normal	c838aec3-03ef-4398-b882-0e3912abfff0
-7.780995	-17.389097	young	normal	c838aec3-03ef-4398-b882-0e3912abfff0
-16.27586	-8.926789	young	normal	c838aec3-03ef-4398-b882-0e3912abfff0
-11.927851	10.448959	young	normal	c838aec3-03ef-4398-b882-0e3912abfff0
-17.537327	14.605148	young	normal	c838aec3-03ef-4398-b882-0e3912abfff0
-16.711704	15.982303	young	normal	c838aec3-03ef-4398-b882-0e3912abfff0
-11.363057	-11.633256	young	normal	c838aec3-03ef-4398-b882-0e3912abfff0
-14.017622	5.9857416	young	normal	c838aec3-03ef-4398-b882-0e3912abfff0
-13.334325	-1.7344598	young	normal	c838aec3-03ef-4398-b882-0e3912abfff0
-8.144103	-23.994146	young	normal	c838aec3-03ef-4398-b882-0e3912abfff0
-13.8495035	10.687537	young	normal	c838aec3-03ef-4398-b882-0e3912abfff0
-14.835683	-7.526467	old	normal	c838aec3-03ef-4398-b882-0e3912abfff0
-7.6075406	7.0958934	old	normal	c838aec3-03ef-4398-b882-0e3912abfff0
-5.2786903	-28.693655	old	normal	c838aec3-03ef-4398-b882-0e3912abfff0
-14.407897	13.376929	old	normal	c838aec3-03ef-4398-b882-0e3912abfff0
-12.70572	7.6734242	old	normal	c838aec3-03ef-4398-b882-0e3912abfff0
-15.600148	11.444518	old	normal	c838aec3-03ef-4398-b882-0e3912abfff0
-7.180493	-27.135391	old	normal	c838aec3-03ef-4398-b882-0e3912abfff0
-13.463219	-1.7002544	old	normal	c838aec3-03ef-4398-b882-0e3912abfff0
-20.252474	12.509191	old	normal	c838aec3-03ef-4398-b882-0e3912abfff0
-11.465111	8.787824	old	normal	c838aec3-03ef-4398-b882-0e3912abfff0
-14.296672	-18.768654	old	normal	c838aec3-03ef-4398-b882-0e3912abfff0
-14.814794	16.155642	old	normal	c838aec3-03ef-4398-b882-0e3912abfff0
-9.523927	9.683335	old	normal	c838aec3-03ef-4398-b882-0e3912abfff0
-14.614753	-14.21276	old	normal	c838aec3-03ef-4398-b882-0e3912abfff0
-15.999947	-14.450809	old	normal	c838aec3-03ef-4398-b882-0e3912abfff0
-12.681133	-15.340408	old	normal	c838aec3-03ef-4398-b882-0e3912abfff0
-15.76672	-5.388728	young	normal	c838aec3-03ef-4398-b882-0e3912abfff0
-11.255915	0.29995248	young	normal	c838aec3-03ef-4398-b882-0e3912abfff0
-5.0284863	-21.58937	young	normal	c838aec3-03ef-4398-b882-0e3912abfff0
-14.577738	16.853535	young	normal	c838aec3-03ef-4398-b882-0e3912abfff0
-8.760498	-20.381884	young	normal	c838aec3-03ef-4398-b882-0e3912abfff0
-12.118006	13.394444	young	normal	c838aec3-03ef-4398-b882-0e3912abfff0
-11.593507	6.1605115	young	normal	c838aec3-03ef-4398-b882-0e3912abfff0
-11.253655	8.943053	young	normal	c838aec3-03ef-4398-b882-0e3912abfff0
-9.295427	-20.895641	young	normal	c838aec3-03ef-4398-b882-0e3912abfff0
-16.019503	13.295393	young	normal	c838aec3-03ef-4398-b882-0e3912abfff0
-6.8697863	-1.9738475	young	normal	c838aec3-03ef-4398-b882-0e3912abfff0
4.7155643	-24.90841	young	normal	c838aec3-03ef-4398-b882-0e3912abfff0
-8.481653	-25.964327	young	normal	c838aec3-03ef-4398-b882-0e3912abfff0
-9.370432	-26.770075	young	normal	c838aec3-03ef-4398-b882-0e3912abfff0
-6.4143224	-2.6293676	young	normal	c838aec3-03ef-4398-b882-0e3912abfff0
-1.323423	-17.819664	young	normal	c838aec3-03ef-4398-b882-0e3912abfff0
-13.260093	4.4728284	young	normal	c838aec3-03ef-4398-b882-0e3912abfff0
-12.820452	-18.675152	young	normal	c838aec3-03ef-4398-b882-0e3912abfff0
-5.5853887	-27.285454	young	normal	c838aec3-03ef-4398-b882-0e3912abfff0
-9.053686	1.4456093	young	normal	c838aec3-03ef-4398-b882-0e3912abfff0
-18.516304	15.68343	young	normal	c838aec3-03ef-4398-b882-0e3912abfff0
-14.231703	-16.547205	young	normal	c838aec3-03ef-4398-b882-0e3912abfff0
-10.0675125	3.680212	young	normal	c838aec3-03ef-4398-b882-0e3912abfff0
-16.88051	11.153482	young	normal	c838aec3-03ef-4398-b882-0e3912abfff0
-13.438556	5.7775736	old	normal	c838aec3-03ef-4398-b882-0e3912abfff0
-8.089986	-2.6768262	old	normal	c838aec3-03ef-4398-b882-0e3912abfff0
-12.460415	8.947866	old	normal	c838aec3-03ef-4398-b882-0e3912abfff0
-11.659427	-18.973656	old	normal	c838aec3-03ef-4398-b882-0e3912abfff0
-11.330436	-13.071335	old	normal	c838aec3-03ef-4398-b882-0e3912abfff0
-8.038451	-0.5002702	old	normal	c838aec3-03ef-4398-b882-0e3912abfff0
-12.944522	12.319882	old	normal	c838aec3-03ef-4398-b882-0e3912abfff0
-7.505683	2.90557	old	normal	c838aec3-03ef-4398-b882-0e3912abfff0
-15.341753	13.859744	old	normal	c838aec3-03ef-4398-b882-0e3912abfff0
-12.38477	-20.881578	old	normal	c838aec3-03ef-4398-b882-0e3912abfff0
-6.0774026	16.09021	old	normal	c838aec3-03ef-4398-b882-0e3912abfff0
-13.886982	10.991978	old	normal	c838aec3-03ef-4398-b882-0e3912abfff0
-10.184412	10.574128	old	normal	c838aec3-03ef-4398-b882-0e3912abfff0
-19.691118	9.362421	old	normal	c838aec3-03ef-4398-b882-0e3912abfff0
-4.836294	-23.63817	old	normal	c838aec3-03ef-4398-b882-0e3912abfff0
-12.027095	11.5465975	old	normal	c838aec3-03ef-4398-b882-0e3912abfff0
-19.234964	18.501303	old	normal	c838aec3-03ef-4398-b882-0e3912abfff0
-16.873703	13.874641	old	normal	c838aec3-03ef-4398-b882-0e3912abfff0
-7.7927685	9.661914	old	normal	c838aec3-03ef-4398-b882-0e3912abfff0
-16.671612	17.979362	old	normal	c838aec3-03ef-4398-b882-0e3912abfff0
-8.6562	-0.8148287	old	normal	c838aec3-03ef-4398-b882-0e3912abfff0
-16.881227	15.963841	old	normal	c838aec3-03ef-4398-b882-0e3912abfff0
-15.695474	17.192333	old	normal	c838aec3-03ef-4398-b882-0e3912abfff0
-16.3891	19.993696	old	normal	c838aec3-03ef-4398-b882-0e3912abfff0
-9.405219	-24.994917	old	normal	c838aec3-03ef-4398-b882-0e3912abfff0
-7.1115556	-22.365263	old	normal	c838aec3-03ef-4398-b882-0e3912abfff0
-8.812631	-10.438241	old	normal	c838aec3-03ef-4398-b882-0e3912abfff0
-8.24571	-24.256851	old	normal	c838aec3-03ef-4398-b882-0e3912abfff0
-7.07472	-25.29158	old	normal	c838aec3-03ef-4398-b882-0e3912abfff0
-16.318403	7.917546	old	normal	c838aec3-03ef-4398-b882-0e3912abfff0
-13.099149	-10.968052	old	normal	c838aec3-03ef-4398-b882-0e3912abfff0
-9.3252	-15.61096	old	normal	c838aec3-03ef-4398-b882-0e3912abfff0
-16.263273	19.512388	old	normal	c838aec3-03ef-4398-b882-0e3912abfff0
-12.903121	-14.960901	old	normal	c838aec3-03ef-4398-b882-0e3912abfff0
-5.947239	-26.980482	old	normal	c838aec3-03ef-4398-b882-0e3912abfff0
1.3076663	14.675597	old	normal	c838aec3-03ef-4398-b882-0e3912abfff0
-2.5297139	-11.925013	old	normal	c838aec3-03ef-4398-b882-0e3912abfff0
-7.1652713	-27.131613	old	normal	c838aec3-03ef-4398-b882-0e3912abfff0
-16.594652	11.912665	old	normal	c838aec3-03ef-4398-b882-0e3912abfff0
-10.442996	-11.039646	old	normal	c838aec3-03ef-4398-b882-0e3912abfff0
-14.818405	8.7015085	young	normal	c838aec3-03ef-4398-b882-0e3912abfff0
-15.360222	10.416633	young	normal	c838aec3-03ef-4398-b882-0e3912abfff0
-11.970745	14.577022	young	normal	c838aec3-03ef-4398-b882-0e3912abfff0
-4.918695	-4.839427	young	normal	c838aec3-03ef-4398-b882-0e3912abfff0
-13.713009	6.2237453	young	normal	c838aec3-03ef-4398-b882-0e3912abfff0
-13.219698	-0.89108974	young	normal	c838aec3-03ef-4398-b882-0e3912abfff0
-12.051868	5.3408566	young	normal	c838aec3-03ef-4398-b882-0e3912abfff0
-18.889479	8.698291	young	normal	c838aec3-03ef-4398-b882-0e3912abfff0
-12.72328	-13.273384	old	normal	c838aec3-03ef-4398-b882-0e3912abfff0
-9.9158535	0.2781817	old	normal	c838aec3-03ef-4398-b882-0e3912abfff0
-12.82586	5.5127654	old	normal	c838aec3-03ef-4398-b882-0e3912abfff0
-17.244078	16.9675	old	normal	c838aec3-03ef-4398-b882-0e3912abfff0
-13.109089	-22.364052	old	normal	c838aec3-03ef-4398-b882-0e3912abfff0
-8.675912	-0.8219446	old	normal	c838aec3-03ef-4398-b882-0e3912abfff0
-8.880954	-1.9638644	old	normal	c838aec3-03ef-4398-b882-0e3912abfff0
-13.047594	6.35902	old	normal	c838aec3-03ef-4398-b882-0e3912abfff0
-6.1493406	-3.9576623	old	normal	c838aec3-03ef-4398-b882-0e3912abfff0
-15.369462	3.2587485	old	normal	c838aec3-03ef-4398-b882-0e3912abfff0
-14.872445	12.156335	old	normal	c838aec3-03ef-4398-b882-0e3912abfff0
-9.495981	-24.424664	old	normal	c838aec3-03ef-4398-b882-0e3912abfff0
-10.210295	8.348787	old	normal	c838aec3-03ef-4398-b882-0e3912abfff0
7.2894816	8.499697	old	normal	c838aec3-03ef-4398-b882-0e3912abfff0
-13.795507	-21.044966	old	normal	c838aec3-03ef-4398-b882-0e3912abfff0
-14.991782	10.354524	old	normal	c838aec3-03ef-4398-b882-0e3912abfff0
-9.868845	12.567066	old	normal	c838aec3-03ef-4398-b882-0e3912abfff0
-12.140245	-0.28354156	old	normal	c838aec3-03ef-4398-b882-0e3912abfff0
-14.943314	12.112208	old	normal	c838aec3-03ef-4398-b882-0e3912abfff0
-11.751264	3.4471202	old	normal	c838aec3-03ef-4398-b882-0e3912abfff0
-15.637381	13.521907	old	normal	c838aec3-03ef-4398-b882-0e3912abfff0
-9.251472	1.0736153	old	normal	c838aec3-03ef-4398-b882-0e3912abfff0
-13.358517	9.9218645	old	normal	c838aec3-03ef-4398-b882-0e3912abfff0
-8.980005	8.520291	old	normal	c838aec3-03ef-4398-b882-0e3912abfff0
-17.754793	18.85947	old	normal	c838aec3-03ef-4398-b882-0e3912abfff0
-10.975917	-17.173952	old	normal	c838aec3-03ef-4398-b882-0e3912abfff0
-9.434373	-23.70969	old	normal	c838aec3-03ef-4398-b882-0e3912abfff0
-13.930692	14.847949	old	normal	c838aec3-03ef-4398-b882-0e3912abfff0
-17.489592	14.143987	old	normal	c838aec3-03ef-4398-b882-0e3912abfff0
-6.760683	-26.231863	old	normal	c838aec3-03ef-4398-b882-0e3912abfff0
-16.293808	14.685114	old	normal	c838aec3-03ef-4398-b882-0e3912abfff0
-15.094757	10.251793	old	normal	c838aec3-03ef-4398-b882-0e3912abfff0
-8.682477	-25.94771	old	normal	c838aec3-03ef-4398-b882-0e3912abfff0
-9.729124	-1.3822902	old	normal	c838aec3-03ef-4398-b882-0e3912abfff0
-11.458278	-27.401636	old	normal	c838aec3-03ef-4398-b882-0e3912abfff0
-13.844629	-15.427019	old	normal	c838aec3-03ef-4398-b882-0e3912abfff0
-14.157011	8.67241	old	normal	c838aec3-03ef-4398-b882-0e3912abfff0
-4.793639	-23.273645	old	normal	c838aec3-03ef-4398-b882-0e3912abfff0
-13.975962	5.96986	old	normal	c838aec3-03ef-4398-b882-0e3912abfff0
-17.50149	15.181075	old	normal	c838aec3-03ef-4398-b882-0e3912abfff0
-18.31899	13.572048	old	normal	c838aec3-03ef-4398-b882-0e3912abfff0
-10.194565	3.2953193	old	normal	c838aec3-03ef-4398-b882-0e3912abfff0
-11.775731	-22.219433	old	normal	c838aec3-03ef-4398-b882-0e3912abfff0
-4.8353143	-11.173294	old	normal	c838aec3-03ef-4398-b882-0e3912abfff0
-4.2451243	-11.9240265	old	normal	c838aec3-03ef-4398-b882-0e3912abfff0
-12.304694	3.3598022	old	normal	c838aec3-03ef-4398-b882-0e3912abfff0
-12.648656	-12.650035	old	normal	c838aec3-03ef-4398-b882-0e3912abfff0
-16.942469	13.452416	old	normal	c838aec3-03ef-4398-b882-0e3912abfff0
-13.910357	14.753073	old	normal	c838aec3-03ef-4398-b882-0e3912abfff0
-17.509203	15.657691	old	normal	c838aec3-03ef-4398-b882-0e3912abfff0
-15.973479	6.294659	old	normal	c838aec3-03ef-4398-b882-0e3912abfff0
-12.7497835	8.768087	old	normal	c838aec3-03ef-4398-b882-0e3912abfff0
-18.076778	11.602489	old	normal	c838aec3-03ef-4398-b882-0e3912abfff0
-18.946363	20.58942	old	normal	c838aec3-03ef-4398-b882-0e3912abfff0
-12.565011	-20.76056	old	normal	c838aec3-03ef-4398-b882-0e3912abfff0
-16.83059	18.333632	old	normal	c838aec3-03ef-4398-b882-0e3912abfff0
-8.575091	-15.63476	old	normal	c838aec3-03ef-4398-b882-0e3912abfff0
-10.779148	-19.852749	old	normal	c838aec3-03ef-4398-b882-0e3912abfff0
-11.701592	-25.668081	old	normal	c838aec3-03ef-4398-b882-0e3912abfff0
-13.282618	3.4162228	old	normal	c838aec3-03ef-4398-b882-0e3912abfff0
-13.195756	-8.865307	old	normal	c838aec3-03ef-4398-b882-0e3912abfff0
-8.772563	-19.115763	old	normal	c838aec3-03ef-4398-b882-0e3912abfff0
-5.4614935	-23.573702	old	normal	c838aec3-03ef-4398-b882-0e3912abfff0
-10.510679	-21.040007	old	normal	c838aec3-03ef-4398-b882-0e3912abfff0
-17.710772	-8.411379	old	normal	b0e547f0-462b-4f81-b31b-5b0a5d96f537
-11.224568	-26.139717	old	normal	b0e547f0-462b-4f81-b31b-5b0a5d96f537
-18.561619	16.438911	young	normal	c838aec3-03ef-4398-b882-0e3912abfff0
-1.1181637	-25.472185	young	normal	c838aec3-03ef-4398-b882-0e3912abfff0
-16.690659	19.686348	young	normal	c838aec3-03ef-4398-b882-0e3912abfff0
-13.625488	13.599012	young	normal	c838aec3-03ef-4398-b882-0e3912abfff0
-11.699899	4.9626966	young	normal	c838aec3-03ef-4398-b882-0e3912abfff0
-12.852275	6.9510283	young	normal	c838aec3-03ef-4398-b882-0e3912abfff0
-10.62632	-12.857377	young	normal	c838aec3-03ef-4398-b882-0e3912abfff0
-19.620941	18.427704	young	normal	c838aec3-03ef-4398-b882-0e3912abfff0
-19.118599	12.964729	old	normal	c838aec3-03ef-4398-b882-0e3912abfff0
-20.694693	17.261408	old	normal	c838aec3-03ef-4398-b882-0e3912abfff0
-10.793938	-24.08829	old	normal	c838aec3-03ef-4398-b882-0e3912abfff0
-17.633387	16.258678	old	normal	c838aec3-03ef-4398-b882-0e3912abfff0
-16.341139	-16.17957	old	normal	c838aec3-03ef-4398-b882-0e3912abfff0
-12.335351	9.57055	old	normal	c838aec3-03ef-4398-b882-0e3912abfff0
-17.785513	18.184053	old	normal	c838aec3-03ef-4398-b882-0e3912abfff0
-15.895117	19.84111	old	normal	c838aec3-03ef-4398-b882-0e3912abfff0
-19.360752	15.185506	young	normal	c838aec3-03ef-4398-b882-0e3912abfff0
-11.792115	6.0495853	young	normal	c838aec3-03ef-4398-b882-0e3912abfff0
-7.1295567	-22.163813	young	normal	c838aec3-03ef-4398-b882-0e3912abfff0
-15.212351	10.901427	young	normal	c838aec3-03ef-4398-b882-0e3912abfff0
-10.532007	6.383032	young	normal	c838aec3-03ef-4398-b882-0e3912abfff0
-15.845695	10.641886	young	normal	c838aec3-03ef-4398-b882-0e3912abfff0
-13.368383	7.0700746	young	normal	c838aec3-03ef-4398-b882-0e3912abfff0
-17.768337	21.778318	young	normal	c838aec3-03ef-4398-b882-0e3912abfff0
-14.359115	-8.954504	young	normal	c838aec3-03ef-4398-b882-0e3912abfff0
-15.055293	-4.4830637	young	normal	c838aec3-03ef-4398-b882-0e3912abfff0
-13.588854	15.767201	young	normal	c838aec3-03ef-4398-b882-0e3912abfff0
-6.7865863	1.3359255	young	normal	b0e547f0-462b-4f81-b31b-5b0a5d96f537
-14.40994	16.326517	young	normal	c838aec3-03ef-4398-b882-0e3912abfff0
-14.342837	10.181846	young	normal	c838aec3-03ef-4398-b882-0e3912abfff0
-10.136094	-24.523205	young	normal	c838aec3-03ef-4398-b882-0e3912abfff0
-11.651218	9.293072	young	normal	c838aec3-03ef-4398-b882-0e3912abfff0
-16.679007	10.12614	old	normal	c838aec3-03ef-4398-b882-0e3912abfff0
-9.141286	6.143796	old	normal	c838aec3-03ef-4398-b882-0e3912abfff0
-11.674509	5.9713545	old	normal	c838aec3-03ef-4398-b882-0e3912abfff0
-11.055963	-19.283152	old	normal	c838aec3-03ef-4398-b882-0e3912abfff0
-8.473603	-0.30147198	old	normal	c838aec3-03ef-4398-b882-0e3912abfff0
-9.182381	-22.043015	old	normal	c838aec3-03ef-4398-b882-0e3912abfff0
-17.619167	14.609114	old	normal	c838aec3-03ef-4398-b882-0e3912abfff0
-14.7255745	12.625696	old	normal	c838aec3-03ef-4398-b882-0e3912abfff0
-5.6754313	-20.408339	young	normal	c838aec3-03ef-4398-b882-0e3912abfff0
-13.8307295	-5.2794747	young	normal	c838aec3-03ef-4398-b882-0e3912abfff0
-11.340192	-8.302186	young	normal	c838aec3-03ef-4398-b882-0e3912abfff0
-13.698517	3.320215	young	normal	c838aec3-03ef-4398-b882-0e3912abfff0
-12.6691	15.39904	young	normal	c838aec3-03ef-4398-b882-0e3912abfff0
-15.183824	-5.1128488	young	normal	c838aec3-03ef-4398-b882-0e3912abfff0
-14.15447	-5.5454025	young	normal	c838aec3-03ef-4398-b882-0e3912abfff0
-5.619363	-0.82367176	young	normal	c838aec3-03ef-4398-b882-0e3912abfff0
2.0510068	-22.36031	old	normal	c838aec3-03ef-4398-b882-0e3912abfff0
-7.589872	-24.18362	old	normal	c838aec3-03ef-4398-b882-0e3912abfff0
-9.755706	-26.698412	old	normal	c838aec3-03ef-4398-b882-0e3912abfff0
-13.412247	-17.104038	old	normal	c838aec3-03ef-4398-b882-0e3912abfff0
-7.274922	-5.941345	old	normal	c838aec3-03ef-4398-b882-0e3912abfff0
-12.613051	-6.3241973	old	normal	c838aec3-03ef-4398-b882-0e3912abfff0
-14.929577	-14.945842	old	normal	c838aec3-03ef-4398-b882-0e3912abfff0
-9.526102	-16.626883	old	normal	c838aec3-03ef-4398-b882-0e3912abfff0
-16.81991	16.545168	old	normal	c838aec3-03ef-4398-b882-0e3912abfff0
-12.023283	13.387214	old	normal	c838aec3-03ef-4398-b882-0e3912abfff0
-8.369458	-13.562838	old	normal	c838aec3-03ef-4398-b882-0e3912abfff0
-15.379618	13.946775	old	normal	c838aec3-03ef-4398-b882-0e3912abfff0
-2.6982443	-11.818733	old	normal	c838aec3-03ef-4398-b882-0e3912abfff0
-16.665918	14.87413	old	normal	c838aec3-03ef-4398-b882-0e3912abfff0
-10.073549	8.71843	old	normal	c838aec3-03ef-4398-b882-0e3912abfff0
-14.039467	16.311815	old	normal	c838aec3-03ef-4398-b882-0e3912abfff0
-8.895102	4.668644	old	normal	c838aec3-03ef-4398-b882-0e3912abfff0
-14.305603	10.0916815	old	normal	c838aec3-03ef-4398-b882-0e3912abfff0
-14.282849	7.600003	old	normal	c838aec3-03ef-4398-b882-0e3912abfff0
-12.381302	10.119917	old	normal	c838aec3-03ef-4398-b882-0e3912abfff0
-18.2591	11.776363	old	normal	c838aec3-03ef-4398-b882-0e3912abfff0
-11.271686	10.460692	old	normal	c838aec3-03ef-4398-b882-0e3912abfff0
-6.9933305	-26.230364	old	normal	c838aec3-03ef-4398-b882-0e3912abfff0
-9.855588	10.677927	old	normal	c838aec3-03ef-4398-b882-0e3912abfff0
-11.1243515	3.4471083	old	normal	c838aec3-03ef-4398-b882-0e3912abfff0
-5.0125976	-18.44855	old	normal	c838aec3-03ef-4398-b882-0e3912abfff0
-9.304753	-25.722366	old	normal	c838aec3-03ef-4398-b882-0e3912abfff0
-10.757868	-25.97049	old	normal	c838aec3-03ef-4398-b882-0e3912abfff0
-13.917503	11.330271	old	normal	c838aec3-03ef-4398-b882-0e3912abfff0
-9.396177	2.0662353	old	normal	c838aec3-03ef-4398-b882-0e3912abfff0
-8.8936405	-23.095854	old	normal	c838aec3-03ef-4398-b882-0e3912abfff0
-15.598033	16.477512	old	normal	c838aec3-03ef-4398-b882-0e3912abfff0
-5.824588	-22.2604	old	normal	c838aec3-03ef-4398-b882-0e3912abfff0
-8.490229	-26.678413	old	normal	c838aec3-03ef-4398-b882-0e3912abfff0
-13.484861	10.713121	old	normal	c838aec3-03ef-4398-b882-0e3912abfff0
-8.701833	-29.162226	old	normal	c838aec3-03ef-4398-b882-0e3912abfff0
-17.096487	-3.5048175	old	normal	c838aec3-03ef-4398-b882-0e3912abfff0
-18.29856	18.480356	old	normal	c838aec3-03ef-4398-b882-0e3912abfff0
-11.156861	-10.392942	old	normal	c838aec3-03ef-4398-b882-0e3912abfff0
-7.2801967	3.5060363	old	normal	c838aec3-03ef-4398-b882-0e3912abfff0
-9.187865	-25.98562	old	normal	c838aec3-03ef-4398-b882-0e3912abfff0
-8.495714	-27.77507	old	normal	c838aec3-03ef-4398-b882-0e3912abfff0
-20.564552	17.67904	old	normal	c838aec3-03ef-4398-b882-0e3912abfff0
-19.891424	17.993246	old	normal	c838aec3-03ef-4398-b882-0e3912abfff0
-18.276453	17.531218	old	normal	c838aec3-03ef-4398-b882-0e3912abfff0
-9.738943	-25.011349	old	normal	c838aec3-03ef-4398-b882-0e3912abfff0
-9.429527	-28.298618	young	normal	c838aec3-03ef-4398-b882-0e3912abfff0
-17.837372	-10.783948	young	normal	c838aec3-03ef-4398-b882-0e3912abfff0
-10.748341	-23.369009	young	normal	c838aec3-03ef-4398-b882-0e3912abfff0
-14.5586405	2.5354917	young	normal	c838aec3-03ef-4398-b882-0e3912abfff0
-9.15979	-10.298762	young	normal	c838aec3-03ef-4398-b882-0e3912abfff0
-15.081892	15.228228	young	normal	c838aec3-03ef-4398-b882-0e3912abfff0
-6.3565807	-20.850266	young	normal	c838aec3-03ef-4398-b882-0e3912abfff0
-8.324805	-24.657495	young	normal	c838aec3-03ef-4398-b882-0e3912abfff0
-15.1595955	8.649127	young	normal	c838aec3-03ef-4398-b882-0e3912abfff0
-16.828566	10.65926	young	normal	c838aec3-03ef-4398-b882-0e3912abfff0
-16.077375	-11.3638	young	normal	c838aec3-03ef-4398-b882-0e3912abfff0
-11.132343	-26.811527	young	normal	c838aec3-03ef-4398-b882-0e3912abfff0
-9.068524	-26.92823	young	normal	c838aec3-03ef-4398-b882-0e3912abfff0
-11.528248	-21.488111	young	normal	c838aec3-03ef-4398-b882-0e3912abfff0
-15.991827	17.200245	old	normal	c838aec3-03ef-4398-b882-0e3912abfff0
-14.045377	14.943724	old	normal	c838aec3-03ef-4398-b882-0e3912abfff0
-13.243645	-18.41351	old	normal	c838aec3-03ef-4398-b882-0e3912abfff0
-15.926154	21.418184	old	normal	c838aec3-03ef-4398-b882-0e3912abfff0
-12.457579	12.081029	old	normal	c838aec3-03ef-4398-b882-0e3912abfff0
0.028552396	-26.902271	young	normal	c838aec3-03ef-4398-b882-0e3912abfff0
-14.689732	16.671787	young	normal	c838aec3-03ef-4398-b882-0e3912abfff0
-6.3536053	-28.068075	young	normal	c838aec3-03ef-4398-b882-0e3912abfff0
-17.988695	17.094942	young	normal	c838aec3-03ef-4398-b882-0e3912abfff0
-16.72376	10.26985	young	normal	c838aec3-03ef-4398-b882-0e3912abfff0
-16.179827	-4.3503656	young	normal	c838aec3-03ef-4398-b882-0e3912abfff0
-16.960966	7.77781	young	normal	c838aec3-03ef-4398-b882-0e3912abfff0
-17.437601	14.279514	young	normal	c838aec3-03ef-4398-b882-0e3912abfff0
-5.0140657	-1.1046785	old	normal	21d3e683-80a4-4d9b-bc89-ebb2df513dde
-2.9647284	-1.2651337	old	normal	21d3e683-80a4-4d9b-bc89-ebb2df513dde
-4.696798	9.894674	old	normal	21d3e683-80a4-4d9b-bc89-ebb2df513dde
-3.0610604	1.1360618	old	normal	21d3e683-80a4-4d9b-bc89-ebb2df513dde
-4.92616	-3.1431563	old	normal	21d3e683-80a4-4d9b-bc89-ebb2df513dde
-3.9005141	7.069815	old	normal	21d3e683-80a4-4d9b-bc89-ebb2df513dde
-4.6036386	-3.170541	old	normal	21d3e683-80a4-4d9b-bc89-ebb2df513dde
-2.2957666	7.700504	old	normal	21d3e683-80a4-4d9b-bc89-ebb2df513dde
-1.4678752	-6.069699	old	normal	21d3e683-80a4-4d9b-bc89-ebb2df513dde
-5.758326	-4.3676167	old	normal	21d3e683-80a4-4d9b-bc89-ebb2df513dde
-8.422254	9.557382	old	normal	21d3e683-80a4-4d9b-bc89-ebb2df513dde
-8.553568	7.3832774	old	normal	21d3e683-80a4-4d9b-bc89-ebb2df513dde
8.900961	-25.769512	young	COVID-19	242c6e7f-9016-4048-af70-d631f5eea188
6.5830126	-8.0176	young	COVID-19	242c6e7f-9016-4048-af70-d631f5eea188
13.493439	1.2228732	young	COVID-19	242c6e7f-9016-4048-af70-d631f5eea188
12.1226425	9.056978	young	COVID-19	242c6e7f-9016-4048-af70-d631f5eea188
18.3461	-17.342403	young	COVID-19	242c6e7f-9016-4048-af70-d631f5eea188
15.5859785	-17.985472	young	COVID-19	242c6e7f-9016-4048-af70-d631f5eea188
9.621191	-21.27245	young	COVID-19	242c6e7f-9016-4048-af70-d631f5eea188
5.2787585	-13.473404	young	COVID-19	242c6e7f-9016-4048-af70-d631f5eea188
21.30839	-20.933231	old	COVID-19	242c6e7f-9016-4048-af70-d631f5eea188
8.019956	-25.65831	old	COVID-19	242c6e7f-9016-4048-af70-d631f5eea188
6.492408	-24.704697	old	COVID-19	242c6e7f-9016-4048-af70-d631f5eea188
21.42297	-19.942793	old	COVID-19	242c6e7f-9016-4048-af70-d631f5eea188
19.543655	-20.428091	old	COVID-19	242c6e7f-9016-4048-af70-d631f5eea188
6.8173313	-24.74214	old	COVID-19	242c6e7f-9016-4048-af70-d631f5eea188
9.114598	-18.36749	old	COVID-19	242c6e7f-9016-4048-af70-d631f5eea188
9.092362	-17.668947	old	COVID-19	242c6e7f-9016-4048-af70-d631f5eea188
-9.351988	-16.15309	young	normal	c838aec3-03ef-4398-b882-0e3912abfff0
-18.370193	14.9151	young	normal	c838aec3-03ef-4398-b882-0e3912abfff0
-11.290457	3.5113204	young	normal	c838aec3-03ef-4398-b882-0e3912abfff0
-14.915451	12.799417	young	normal	c838aec3-03ef-4398-b882-0e3912abfff0
-12.598857	-5.917526	young	normal	c838aec3-03ef-4398-b882-0e3912abfff0
-17.584318	12.08459	young	normal	c838aec3-03ef-4398-b882-0e3912abfff0
-17.272757	14.736328	young	normal	c838aec3-03ef-4398-b882-0e3912abfff0
-13.780179	6.992309	young	normal	c838aec3-03ef-4398-b882-0e3912abfff0
-16.386198	6.369572	young	normal	c838aec3-03ef-4398-b882-0e3912abfff0
-14.879369	7.762467	young	normal	c838aec3-03ef-4398-b882-0e3912abfff0
-14.997816	17.939766	young	normal	c838aec3-03ef-4398-b882-0e3912abfff0
-16.695118	8.004422	young	normal	c838aec3-03ef-4398-b882-0e3912abfff0
-14.086374	8.081496	young	normal	c838aec3-03ef-4398-b882-0e3912abfff0
-9.444767	-27.674803	young	normal	c838aec3-03ef-4398-b882-0e3912abfff0
-15.723092	6.66511	young	normal	c838aec3-03ef-4398-b882-0e3912abfff0
-20.952997	0.30801603	young	normal	c838aec3-03ef-4398-b882-0e3912abfff0
-19.586536	14.380878	young	normal	c838aec3-03ef-4398-b882-0e3912abfff0
-13.628573	-16.87052	young	normal	c838aec3-03ef-4398-b882-0e3912abfff0
-15.081908	-13.639343	young	normal	c838aec3-03ef-4398-b882-0e3912abfff0
-16.935198	8.911775	young	normal	c838aec3-03ef-4398-b882-0e3912abfff0
-13.568822	5.601242	young	normal	c838aec3-03ef-4398-b882-0e3912abfff0
-19.518076	15.615594	young	normal	c838aec3-03ef-4398-b882-0e3912abfff0
-19.670397	10.513151	young	normal	c838aec3-03ef-4398-b882-0e3912abfff0
-17.778238	16.070896	young	normal	c838aec3-03ef-4398-b882-0e3912abfff0
-21.193031	17.18068	young	normal	c838aec3-03ef-4398-b882-0e3912abfff0
-18.608017	15.853812	young	normal	c838aec3-03ef-4398-b882-0e3912abfff0
-11.516996	-13.813149	young	normal	c838aec3-03ef-4398-b882-0e3912abfff0
-14.382417	10.277517	young	normal	c838aec3-03ef-4398-b882-0e3912abfff0
-18.510296	13.959874	young	normal	c838aec3-03ef-4398-b882-0e3912abfff0
-16.104404	-2.7628117	young	normal	c838aec3-03ef-4398-b882-0e3912abfff0
-15.335838	-9.693139	young	normal	c838aec3-03ef-4398-b882-0e3912abfff0
-15.013317	12.003899	young	normal	c838aec3-03ef-4398-b882-0e3912abfff0
-11.359753	-21.016462	young	normal	c838aec3-03ef-4398-b882-0e3912abfff0
-19.799377	18.301594	young	normal	c838aec3-03ef-4398-b882-0e3912abfff0
0.049440484	7.499354	young	normal	c838aec3-03ef-4398-b882-0e3912abfff0
-18.494143	16.461084	young	normal	c838aec3-03ef-4398-b882-0e3912abfff0
-14.418623	15.527957	young	normal	c838aec3-03ef-4398-b882-0e3912abfff0
-15.072186	15.323417	young	normal	c838aec3-03ef-4398-b882-0e3912abfff0
-15.754083	12.994423	young	normal	c838aec3-03ef-4398-b882-0e3912abfff0
-9.978753	10.622282	young	normal	c838aec3-03ef-4398-b882-0e3912abfff0
-15.960862	-12.0783825	young	normal	c838aec3-03ef-4398-b882-0e3912abfff0
-7.976703	-22.757076	young	normal	c838aec3-03ef-4398-b882-0e3912abfff0
-8.354784	-18.330008	young	normal	c838aec3-03ef-4398-b882-0e3912abfff0
-12.421545	-22.44206	young	normal	c838aec3-03ef-4398-b882-0e3912abfff0
-3.145767	-20.246439	young	normal	c838aec3-03ef-4398-b882-0e3912abfff0
-15.29124	-6.582494	young	normal	c838aec3-03ef-4398-b882-0e3912abfff0
-18.410831	19.066538	young	normal	c838aec3-03ef-4398-b882-0e3912abfff0
-9.599222	-24.835108	young	normal	c838aec3-03ef-4398-b882-0e3912abfff0
-13.781274	16.934946	young	normal	c838aec3-03ef-4398-b882-0e3912abfff0
-14.191491	9.387952	young	normal	c838aec3-03ef-4398-b882-0e3912abfff0
-20.230474	19.150618	young	normal	c838aec3-03ef-4398-b882-0e3912abfff0
-16.787004	-4.8952665	young	normal	c838aec3-03ef-4398-b882-0e3912abfff0
-15.652347	19.713396	young	normal	c838aec3-03ef-4398-b882-0e3912abfff0
-18.587404	13.414381	young	normal	c838aec3-03ef-4398-b882-0e3912abfff0
-9.610062	-23.08643	young	normal	c838aec3-03ef-4398-b882-0e3912abfff0
-10.230709	-0.6433638	young	normal	c838aec3-03ef-4398-b882-0e3912abfff0
37.4511	12.081435	young	normal	e522d2cd-7927-4e59-a4ed-064009569279
35.453136	-16.936913	young	normal	e522d2cd-7927-4e59-a4ed-064009569279
24.993654	5.417575	young	normal	e522d2cd-7927-4e59-a4ed-064009569279
36.809998	14.513444	young	normal	e522d2cd-7927-4e59-a4ed-064009569279
32.673725	8.182405	young	normal	e522d2cd-7927-4e59-a4ed-064009569279
37.0394	11.382126	young	normal	e522d2cd-7927-4e59-a4ed-064009569279
39.942535	12.113705	young	normal	e522d2cd-7927-4e59-a4ed-064009569279
33.0546	4.452024	young	normal	e522d2cd-7927-4e59-a4ed-064009569279
38.682976	12.790986	young	normal	e522d2cd-7927-4e59-a4ed-064009569279
41.406033	12.462956	young	normal	e522d2cd-7927-4e59-a4ed-064009569279
38.31726	14.309709	young	normal	e522d2cd-7927-4e59-a4ed-064009569279
41.623016	13.655552	young	normal	e522d2cd-7927-4e59-a4ed-064009569279
42.12663	9.436363	young	normal	e522d2cd-7927-4e59-a4ed-064009569279
38.077667	14.160376	young	normal	e522d2cd-7927-4e59-a4ed-064009569279
41.55125	11.556136	young	normal	e522d2cd-7927-4e59-a4ed-064009569279
43.858322	10.635235	young	normal	e522d2cd-7927-4e59-a4ed-064009569279
40.43772	12.386311	young	normal	e522d2cd-7927-4e59-a4ed-064009569279
5.591652	-2.8026457	young	normal	e522d2cd-7927-4e59-a4ed-064009569279
42.001106	-3.250396	young	normal	e522d2cd-7927-4e59-a4ed-064009569279
33.42183	-0.08594993	young	normal	e522d2cd-7927-4e59-a4ed-064009569279
34.297035	13.321664	young	normal	e522d2cd-7927-4e59-a4ed-064009569279
44.306118	9.163313	young	normal	e522d2cd-7927-4e59-a4ed-064009569279
41.649105	6.961681	young	normal	e522d2cd-7927-4e59-a4ed-064009569279
42.801445	15.103025	young	normal	e522d2cd-7927-4e59-a4ed-064009569279
